,1N,2H,3H,4C,5H,6C,7H,8H,9C,10H,11H,12C,13O,14O,15C,16O,17N,18H,19C,20H,21C,22H,23C,24H,25H,26C,27H,28H,29H,30C,31H,32H,33H,34C,35O,36O,37H
1N,0.0,1.0220806403609877,1.0212544139099093,1.4721940326516796,2.084236986223898,2.4775699025663123,2.5601692556346847,2.8271912506174783,3.8708277770591275,4.520093171609358,4.038519755504242,4.943031543623281,6.0942484231179375,4.775828154865716,2.4720522975419597,2.7527779490208144,3.7014161629019395,4.002464957864065,4.902116600963247,4.832897389090438,5.684605853094116,5.114520177678317,6.961205860071233,7.538515714291746,7.661706147047887,6.301680723789306,7.06761999430339,6.930397299556953,5.692572004240872,6.994996172569538,6.430224124625222,8.047495622909933,6.831748518846277,5.967666160058144,6.2165109899301365,6.9763901281638185,7.666849926666936
2H,0.0,0.0,1.6254067651770285,2.0205417845176914,2.514661017717544,3.3115683767448862,3.5509348766220907,3.570907345771258,4.631730142207971,5.159502155978938,4.708163766292931,5.841463012702425,6.9443319150141924,5.763072769756694,2.406842963333246,2.2028795004529416,3.7606148182535564,4.296729298387377,4.740654201552202,4.495480285983416,5.4193589305637975,4.742853000957624,6.55683004122478,7.108827601637145,7.339655139079074,6.231446445330645,7.056896317115043,6.79745455363675,5.771644195002501,6.417595658029232,5.749529807110903,7.427704937306409,6.2878814931674505,5.953256554305753,6.394628508779505,6.832577580860855,7.6080780379714135
3H,0.0,0.0,0.0,2.0296262949146255,2.904486131534713,2.530314377486294,2.561057892831652,2.4882969831132837,4.0549063537985095,4.62054577399908,4.474069431346508,4.995555480671797,6.1648061295314935,4.736493067195422,2.863575296921942,3.1453063139683293,3.971767245614634,4.219627464977236,5.134015462627395,4.977549056174888,6.140652757791416,5.695653103626657,7.3688254245410025,8.055432090214994,7.983892637014554,6.823358330272292,7.486480996388202,7.555162320607754,6.241368163255733,7.318237686334925,6.824840266849034,8.372057739096011,7.004595311773672,6.028033202903411,6.2305852207101315,6.974620438033239,7.603361183084173
4C,0.0,0.0,0.0,0.0,1.103627471043185,1.541043028400904,2.1447420522787453,2.1670302984774557,2.641032414334126,3.1959629212883627,2.7336086708814817,3.9749342306843287,4.99759928379405,4.153281334804993,1.5467269262230463,2.43234445971674,2.488754300838963,2.6307667190995865,3.846123560939156,4.061984156478334,4.602120890475276,4.1743710104826075,6.011708360462622,6.586095046220641,6.626700649868406,5.012317495405726,5.728963092984253,5.699036236588901,4.318196857313828,6.319790720189002,5.9146421117456915,7.405467801232184,6.20836027278236,4.840353041259539,4.974718789292342,5.9878500520542755,6.631337918923918
5H,0.0,0.0,0.0,0.0,0.0,2.1482612828344823,2.547316322799988,3.0556849719314343,2.7597337586176542,3.438324886876147,2.4077024571791643,4.045515757074837,4.996373474938675,4.27532187274423,2.113305310188902,2.9052000264232127,2.8945856003737607,2.972864194180856,4.198256164285612,4.5569658847748995,4.598359150368034,4.047149464923438,6.055549749364551,6.460416317008792,6.7370847259488755,4.7897850213750965,5.612406265738641,5.308110562602598,4.005433919679395,6.513768077299635,6.058598815275742,7.570423153868104,6.582691059003808,5.282922369290024,5.396022267389184,6.478738990731845,7.140497704903254
6C,0.0,0.0,0.0,0.0,0.0,0.0,1.0971557898267696,1.1023798083584044,1.5348215657855153,2.2240046443889887,2.1751989761737054,2.6151826758838506,3.701578231304326,2.789733494130406,2.626656064731067,3.716270853261927,2.9652303925590426,2.583198748619,4.39165480818843,4.779581372332812,5.351072879081512,5.187672720550137,6.807876108753414,7.456276406784552,7.226153606182897,5.499919701148603,5.996004962802281,6.307541598244132,4.672516722749008,7.26834022129418,7.0423016986078775,8.364567256802562,7.041016918584406,4.954354432946986,4.728146905853878,6.191214237097124,6.63992883892607
7H,0.0,0.0,0.0,0.0,0.0,0.0,0.0,1.75888080361132,2.09748583597541,3.0158620835087153,2.6385580929465444,2.5531745457580013,3.7875720007820295,2.2256000031805376,3.523579498910419,4.49155636070682,4.032104352731957,3.660060481733588,5.466558118572233,5.809590553540997,6.37100487656859,6.1212520358952185,7.840818226459289,8.447604224738908,8.296912247162375,6.475757151051578,7.0045070183021645,7.218669642770609,5.591541143288541,8.271889738784669,7.974242079744224,9.368252024754243,8.059690542947019,6.048346423360379,5.782280480489575,7.27893532227864,7.7134615024835265
8H,0.0,0.0,0.0,0.0,0.0,0.0,0.0,0.0,2.1810909463506882,2.4567737834606582,3.0641496381065014,3.0689704386354166,4.060821131399498,3.214407582995559,2.828426702839811,3.8185504752031765,3.052458403923789,2.7161445821321775,4.335404175215495,4.5928013440535755,5.5482888346009815,5.512568973847922,6.9001128063948425,7.67529601112998,7.225544785899226,5.855075807947771,6.228756124581239,6.770153111086904,5.149247623157907,7.237002372134783,7.088819820997991,8.324789090563888,6.847487580470086,4.694039038306637,4.457423239334978,5.82519196784357,6.209883546544123
9C,0.0,0.0,0.0,0.0,0.0,0.0,0.0,0.0,0.0,1.1000468516513173,1.1023747734114973,1.5968216080399391,2.392284922946944,2.4199258931287893,3.386755691818579,4.610758079758203,3.1559396944451574,2.362080555334811,4.484191375566896,5.174132391731993,5.251371127335913,5.273796990282449,6.752344442669441,7.319294163735125,7.033136972034231,4.977043735230299,5.32422754044288,5.765639544647065,4.015506062814277,7.51175990392305,7.438914036184615,8.578713053978063,7.37268760882366,4.7831197220735495,4.265813507247114,6.120439680826695,6.434188434352941
10H,0.0,0.0,0.0,0.0,0.0,0.0,0.0,0.0,0.0,0.0,1.7666972975162842,2.170077088686574,2.497306005201437,3.2085060913507952,3.4679556885073137,4.692812311246816,2.818144811401562,1.8452183020351844,3.938743229476414,4.722669246736384,4.788303881748973,5.033414779020396,6.21398648409091,6.846018590384306,6.345951184208887,4.458989127735851,4.6142041063550145,5.355052101450079,3.5912485380149843,7.044741809875785,7.126225748042447,8.082894807462107,6.848168700414399,3.9444007777601295,3.271256553131725,5.271420458075247,5.4863292267665695
11H,0.0,0.0,0.0,0.0,0.0,0.0,0.0,0.0,0.0,0.0,0.0,2.1838015823432846,2.7736610903455152,2.986152914330919,3.45283410589649,4.627548352467558,3.252491597969969,2.5594933254461276,4.534004808008054,5.305237742091476,4.975487502639223,4.890857059786492,6.509468838937968,6.926011159833901,6.871795416784067,4.523474285429487,4.996273118044336,5.15410542373838,3.4751491289434573,7.378241192972027,7.251200061424239,8.420468102232858,7.401522089609427,5.01965572274409,4.599261421036847,6.376646127879195,6.7608179877850585
12C,0.0,0.0,0.0,0.0,0.0,0.0,0.0,0.0,0.0,0.0,0.0,0.0,1.2513989541907078,1.2552588272176795,4.92680051055479,6.131035944863212,4.720167293245713,3.8667669443531207,6.003966467517375,6.701963316709519,6.7787123022212326,6.842178399286435,8.265679569388729,8.815958645136913,8.468051023639037,6.350940827920415,6.578988763470954,7.098418226576921,5.348153649808659,9.073145154517155,9.030764478035517,10.132300878081885,8.90201933925665,6.103821494184729,5.383781989263991,7.416742456871305,7.591512964328995
13O,0.0,0.0,0.0,0.0,0.0,0.0,0.0,0.0,0.0,0.0,0.0,0.0,0.0,2.2781834115240214,5.744612795514123,6.978346247719399,5.2778224998862875,4.316315406227386,6.400727936123377,7.218465358681216,7.079957750962802,7.289661532852613,8.511750862654495,9.024067551472177,8.583089070078536,6.427304866705698,6.481566197459269,7.149526793482996,5.441173393155939,9.467997070774315,9.545460472372401,10.484842920818124,9.318958209310287,6.271852838844754,5.377488338688161,7.558667235446001,7.602500270116088
14O,0.0,0.0,0.0,0.0,0.0,0.0,0.0,0.0,0.0,0.0,0.0,0.0,0.0,0.0,5.36515145752066,6.484430356539555,5.4415341440899345,4.715674881378987,6.812068119244794,7.382044578318264,7.6526182399949265,7.594460950496235,9.155997948550203,9.72192674423584,9.43822125004623,7.364500454047498,7.683151811999232,8.093895173679531,6.360348436934049,9.837570315752153,9.694080117870794,10.919731311986714,9.63489312906263,7.0328858942876415,6.401488172049186,8.323262756648628,8.54460571716576
15C,0.0,0.0,0.0,0.0,0.0,0.0,0.0,0.0,0.0,0.0,0.0,0.0,0.0,0.0,0.0,1.236977765233913,1.3631720565769447,2.065679037494936,2.446157232472995,2.5411280213330314,3.283164738910596,2.9180399064128184,4.585375132003785,5.253028502712849,5.21361264370703,4.027704192785586,4.73608718497822,4.7804474394332415,3.6186276617508963,4.801269828607666,4.45435802741755,5.892084528315197,4.661895116895526,3.6376244077480333,4.0761934275670635,4.655234846966201,5.403631742967256
16O,0.0,0.0,0.0,0.0,0.0,0.0,0.0,0.0,0.0,0.0,0.0,0.0,0.0,0.0,0.0,0.0,2.2649393801906474,3.169591534433933,2.750337851753995,2.3858865073988937,3.3989625853652643,2.8269706748052705,4.4078353000164805,5.054162217402453,5.178430919165061,4.488760917483382,5.263940271113431,5.114453138137082,4.324876043478453,4.25703870442893,3.7045893670757155,5.300157849897341,4.133966316227383,4.111796445793649,4.822383306121436,4.849029169997714,5.712077294904586
17N,0.0,0.0,0.0,0.0,0.0,0.0,0.0,0.0,0.0,0.0,0.0,0.0,0.0,0.0,0.0,0.0,0.0,1.015032070366389,1.4499667384003891,2.0580851395693167,2.4973655551858425,2.593398292572264,3.8750616456384064,4.624248993165848,4.286936364239359,3.0488269987765673,3.5607936655334416,3.9834528765114845,2.684842026611036,4.402162547032589,4.363316105311677,5.485489533624783,4.234677282194997,2.411456670839491,2.7652953058682153,3.5893495430790776,4.256945639474043
18H,0.0,0.0,0.0,0.0,0.0,0.0,0.0,0.0,0.0,0.0,0.0,0.0,0.0,0.0,0.0,0.0,0.0,0.0,2.1381521378817205,2.927220615634348,3.087534778653874,3.330431944211033,4.506918526333189,5.212098241718747,4.760609782180894,3.1780951763424747,3.5180586110613645,4.158705316280451,2.567839566884901,5.227584929590785,5.286870684786306,6.2838580224949,5.053421602141415,2.556237000680398,2.432648990909757,3.885730283002928,4.360966490278258
19C,0.0,0.0,0.0,0.0,0.0,0.0,0.0,0.0,0.0,0.0,0.0,0.0,0.0,0.0,0.0,0.0,0.0,0.0,0.0,1.0929310963769725,1.5675380757447868,2.1060425297016088,2.615591130599126,3.5288407468334984,2.931009492951686,2.5707457467083574,2.9137353915489395,3.5190889334336104,2.764423078447088,3.137811026679877,3.354444323569813,4.185608709508222,2.9324484495378997,1.5178811977135724,2.4339705301361185,2.3910260034451905,3.21154111879715
20H,0.0,0.0,0.0,0.0,0.0,0.0,0.0,0.0,0.0,0.0,0.0,0.0,0.0,0.0,0.0,0.0,0.0,0.0,0.0,0.0,2.16737123559332,2.428094854386948,2.7714121623510177,3.75772896567193,3.195454386021011,3.4922704129203104,3.8699997314640413,4.318659642574756,3.772930229364902,2.707749077935454,2.8073572967240445,3.7671886644008206,2.2706629116015433,2.140697635733373,3.208088674257982,2.5236550288634394,3.448058094701632
21C,0.0,0.0,0.0,0.0,0.0,0.0,0.0,0.0,0.0,0.0,0.0,0.0,0.0,0.0,0.0,0.0,0.0,0.0,0.0,0.0,0.0,1.0983433024222664,1.5424025072918197,2.139277561540366,2.175992157786644,1.5353806018367733,2.1924304298463406,2.1754342976776844,2.1874104527414113,2.598624797676024,2.8065203444055045,3.5325330843752556,2.9609652086834375,2.562509373951004,3.389574656999917,3.149038260325398,3.9536181592081867
22H,0.0,0.0,0.0,0.0,0.0,0.0,0.0,0.0,0.0,0.0,0.0,0.0,0.0,0.0,0.0,0.0,0.0,0.0,0.0,0.0,0.0,0.0,2.1440506217270556,2.453643304672395,3.059674464015775,2.1516546030325427,3.0797048773095863,2.4770215533498314,2.5160625951307103,2.8011749791807192,2.5662891335731026,3.749745313167854,3.3010635644339796,3.4384606037832652,4.24730220598547,4.074279882923884,4.938505821834517
23C,0.0,0.0,0.0,0.0,0.0,0.0,0.0,0.0,0.0,0.0,0.0,0.0,0.0,0.0,0.0,0.0,0.0,0.0,0.0,0.0,0.0,0.0,0.0,1.0997152225901632,1.098083344661446,2.5383853058484185,2.805715527143418,2.7840446234037524,3.4996160706078943,1.5344717074257814,2.1864423168023737,2.179100878732047,2.189422943668845,3.2041083651542617,4.2013550827175505,3.1267675974671776,3.9183985108130814
24H,0.0,0.0,0.0,0.0,0.0,0.0,0.0,0.0,0.0,0.0,0.0,0.0,0.0,0.0,0.0,0.0,0.0,0.0,0.0,0.0,0.0,0.0,0.0,0.0,1.7554241755297206,2.6950640647566235,3.0528307027967365,2.482640651711932,3.707726502942335,2.1583615604357056,2.5767850222691755,2.440671742790445,3.07701563087813,4.173293412247707,5.060007429491802,4.157305991049325,4.877634787148487
25H,0.0,0.0,0.0,0.0,0.0,0.0,0.0,0.0,0.0,0.0,0.0,0.0,0.0,0.0,0.0,0.0,0.0,0.0,0.0,0.0,0.0,0.0,0.0,0.0,0.0,2.7783686687991667,2.5963229898381397,3.1284179541360952,3.787774046443348,2.1637692090178624,3.0832391890814583,2.544860374568982,2.485672133658958,2.9623106435481366,3.866141973377247,2.6054070433136434,3.2124125184796175
26C,0.0,0.0,0.0,0.0,0.0,0.0,0.0,0.0,0.0,0.0,0.0,0.0,0.0,0.0,0.0,0.0,0.0,0.0,0.0,0.0,0.0,0.0,0.0,0.0,0.0,0.0,1.097649388837869,1.0969166206234757,1.0946190135628358,3.9380235744133922,4.223844779076624,4.70794862855098,4.360832734460205,3.049325939064064,3.3847476731662374,3.8479950585991913,4.393143428488428
27H,0.0,0.0,0.0,0.0,0.0,0.0,0.0,0.0,0.0,0.0,0.0,0.0,0.0,0.0,0.0,0.0,0.0,0.0,0.0,0.0,0.0,0.0,0.0,0.0,0.0,0.0,0.0,1.7709886237732417,1.7704528278031826,4.269142931029851,4.791116554317765,4.935871066815721,4.565597527167095,2.816873522380154,2.961401189964784,3.4758543842996867,3.8093817517376145
28H,0.0,0.0,0.0,0.0,0.0,0.0,0.0,0.0,0.0,0.0,0.0,0.0,0.0,0.0,0.0,0.0,0.0,0.0,0.0,0.0,0.0,0.0,0.0,0.0,0.0,0.0,0.0,0.0,1.7714714145682398,4.2071386764806356,4.415040693999664,4.8174443684693555,4.854440327517478,4.092455165593563,4.457042807906538,4.747790664328565,5.297645627942402
29H,0.0,0.0,0.0,0.0,0.0,0.0,0.0,0.0,0.0,0.0,0.0,0.0,0.0,0.0,0.0,0.0,0.0,0.0,0.0,0.0,0.0,0.0,0.0,0.0,0.0,0.0,0.0,0.0,0.0,4.770809500212707,4.915627662948137,5.6372092141046775,5.0980471174653275,3.29123124055252,3.3533347034297534,4.367690949068621,4.865727982767353
30C,0.0,0.0,0.0,0.0,0.0,0.0,0.0,0.0,0.0,0.0,0.0,0.0,0.0,0.0,0.0,0.0,0.0,0.0,0.0,0.0,0.0,0.0,0.0,0.0,0.0,0.0,0.0,0.0,0.0,0.0,1.0970740769303373,1.0972643456481168,1.0950521771393211,3.853416014392463,5.021492329253793,3.473292892426131,4.355915381276734
31H,0.0,0.0,0.0,0.0,0.0,0.0,0.0,0.0,0.0,0.0,0.0,0.0,0.0,0.0,0.0,0.0,0.0,0.0,0.0,0.0,0.0,0.0,0.0,0.0,0.0,0.0,0.0,0.0,0.0,0.0,0.0,1.77412811905497,1.7712024981585743,4.405807189213563,5.560046944573632,4.260133673376724,5.2011884575001295
32H,0.0,0.0,0.0,0.0,0.0,0.0,0.0,0.0,0.0,0.0,0.0,0.0,0.0,0.0,0.0,0.0,0.0,0.0,0.0,0.0,0.0,0.0,0.0,0.0,0.0,0.0,0.0,0.0,0.0,0.0,0.0,0.0,1.7660926900905656,4.73338777521584,5.881172031359377,4.140484663660142,4.91631299483307
33H,0.0,0.0,0.0,0.0,0.0,0.0,0.0,0.0,0.0,0.0,0.0,0.0,0.0,0.0,0.0,0.0,0.0,0.0,0.0,0.0,0.0,0.0,0.0,0.0,0.0,0.0,0.0,0.0,0.0,0.0,0.0,0.0,0.0,3.432078497625311,4.638885727181824,2.8532048474310847,3.737839240633303
34C,0.0,0.0,0.0,0.0,0.0,0.0,0.0,0.0,0.0,0.0,0.0,0.0,0.0,0.0,0.0,0.0,0.0,0.0,0.0,0.0,0.0,0.0,0.0,0.0,0.0,0.0,0.0,0.0,0.0,0.0,0.0,0.0,0.0,0.0,1.2106510119210059,1.3611318909645898,1.8728454846359852
35O,0.0,0.0,0.0,0.0,0.0,0.0,0.0,0.0,0.0,0.0,0.0,0.0,0.0,0.0,0.0,0.0,0.0,0.0,0.0,0.0,0.0,0.0,0.0,0.0,0.0,0.0,0.0,0.0,0.0,0.0,0.0,0.0,0.0,0.0,0.0,2.2495252769916467,2.260088573628127
36O,0.0,0.0,0.0,0.0,0.0,0.0,0.0,0.0,0.0,0.0,0.0,0.0,0.0,0.0,0.0,0.0,0.0,0.0,0.0,0.0,0.0,0.0,0.0,0.0,0.0,0.0,0.0,0.0,0.0,0.0,0.0,0.0,0.0,0.0,0.0,0.0,0.9768246523389954
37H,0.0,0.0,0.0,0.0,0.0,0.0,0.0,0.0,0.0,0.0,0.0,0.0,0.0,0.0,0.0,0.0,0.0,0.0,0.0,0.0,0.0,0.0,0.0,0.0,0.0,0.0,0.0,0.0,0.0,0.0,0.0,0.0,0.0,0.0,0.0,0.0,0.0
