,1N,2H,3H,4C,5H,6H,7C,8O,9N,10H,11C,12H,13C,14H,15H,16O,17H,18C,19O,20O,21H
1N,0.0,1.0196366854448535,1.0198534643449935,1.4525949411358874,2.0921980833236735,2.0884416526899092,2.521296816319701,2.8211126133509254,3.74431659354117,3.9868502753786235,4.98880510435342,4.939239543860963,5.998377243916352,6.363617292527639,6.912755949949635,5.769172612560907,4.976840877020558,5.842905085912361,5.844562344373159,6.964496207548535,7.5647701699267635
2H,0.0,0.0,1.611881082818519,2.0262328289620277,2.3785221914390173,2.932165063082271,2.7418705102560557,2.83914017582383,3.9616325220699204,4.350173812274385,5.149829379069929,5.040641193630031,5.958440351033885,6.378234760200054,6.872193004454003,5.492616846498973,4.66825920252361,6.2134452330938625,6.3626246480300095,7.291026503844707,7.982529718220127
3H,0.0,0.0,0.0,2.018992428660096,2.927919280970957,2.4231533202033106,2.6503355042336234,2.5897707957070684,3.9853203832785895,4.351511609227839,5.038328473213733,4.796587639272601,6.186329212277916,6.681976048952818,6.997714481805224,6.015544616546955,5.331440213779627,5.83035790020298,5.911089765890453,6.833544494118099,7.427766073562804
4C,0.0,0.0,0.0,0.0,1.0979147523546757,1.1000368863683578,1.5391504313450697,2.4219062066340595,2.4628613970505917,2.554433090284192,3.8209916250405134,4.011431671181544,4.8500101839491965,5.0912031618317055,5.807422216615511,4.841622200209817,4.073157306159524,4.580077064754564,4.501314879569618,5.793316442490256,6.357741495017667
5H,0.0,0.0,0.0,0.0,0.0,1.7554321861026674,2.16806548230989,3.1832690733795177,2.6502517782331823,2.5223779468349985,4.101132996787025,4.50197578979819,4.853322013462845,4.900625985243783,5.898441145242577,4.76307129853113,3.895617850830624,4.9012354565210146,4.747046485233285,6.182613620856099,6.741344043079288
6H,0.0,0.0,0.0,0.0,0.0,0.0,2.14669274358803,3.059197293726202,2.780164242841804,2.578392999160275,4.05366467203263,4.3233985983604235,5.2535900002020455,5.402407800374017,6.163451301376488,5.50821096857947,4.823298087237216,4.447044529916248,4.119720697550745,5.6821607107938545,6.096375190717613
7C,0.0,0.0,0.0,0.0,0.0,0.0,0.0,1.2218126823311886,1.3831751727812927,2.049712235234622,2.472659060246227,2.504602439996205,3.567494809401309,4.042532385752132,4.433488377581536,3.6005695995283395,3.004468227425618,3.4796174659464874,3.7663553804410532,4.560754251926385,5.25815971345952
8O,0.0,0.0,0.0,0.0,0.0,0.0,0.0,0.0,2.291019632723434,3.149387374120912,2.8276664628655754,2.3535966906767625,3.87731301688869,4.6126985004821615,4.553739714124859,3.7190708188250277,3.281727878899878,3.9441671796492517,4.483788371422736,4.7570392769571175,5.539079336763952
9N,0.0,0.0,0.0,0.0,0.0,0.0,0.0,0.0,0.0,1.0157433410070684,1.4559826036405694,2.0674343437350178,2.474542851982534,2.76137193498044,3.4108318796990846,2.8903602835797386,2.4376932687587844,2.4309063955268804,2.7366074746132423,3.6220798025749197,4.303504095345371
10H,0.0,0.0,0.0,0.0,0.0,0.0,0.0,0.0,0.0,0.0,2.0888629267478147,2.9136476976558248,2.97370590163496,2.8910897855238136,3.9200703755602917,3.574337181211598,3.0957609287793995,2.512415516912736,2.3595172893927145,3.8405502893994656,4.338170301362457
11C,0.0,0.0,0.0,0.0,0.0,0.0,0.0,0.0,0.0,0.0,0.0,1.0939549700077098,1.5500945478668455,2.175021739121507,2.175892424430698,2.4426087372131287,2.524408358232974,1.5212595576001195,2.4270391763211188,2.378239204576743,3.2134888712382303
12H,0.0,0.0,0.0,0.0,0.0,0.0,0.0,0.0,0.0,0.0,0.0,0.0,2.1601925461827594,3.0671468606985064,2.480699732553905,2.679969714400504,2.8477880092863033,2.1592710977820793,3.1780544851856334,2.6051021195902564,3.5165788411024237
13C,0.0,0.0,0.0,0.0,0.0,0.0,0.0,0.0,0.0,0.0,0.0,0.0,0.0,1.104146169109658,1.0933006394178881,1.4071188247741149,1.9267447888701705,2.523551364737633,3.4144114498267104,2.982790556182885,3.822215297392591
14H,0.0,0.0,0.0,0.0,0.0,0.0,0.0,0.0,0.0,0.0,0.0,0.0,0.0,0.0,1.7785353465237275,2.086922856300676,2.3778149786369185,2.7251207135196225,3.2957178906124778,3.324947076385674,3.9732189975311134
15H,0.0,0.0,0.0,0.0,0.0,0.0,0.0,0.0,0.0,0.0,0.0,0.0,0.0,0.0,0.0,2.0195994949959064,2.813966532140719,2.774679190828757,3.8181824519958063,2.7036753357177727,3.5424411850975552
16O,0.0,0.0,0.0,0.0,0.0,0.0,0.0,0.0,0.0,0.0,0.0,0.0,0.0,0.0,0.0,0.0,0.9720956648384587,3.7699645928425136,4.633022757173995,4.2577288186536695,5.155258613016539
17H,0.0,0.0,0.0,0.0,0.0,0.0,0.0,0.0,0.0,0.0,0.0,0.0,0.0,0.0,0.0,0.0,0.0,3.936517766771055,4.624740562843614,4.68409659934602,5.551200054241272
18C,0.0,0.0,0.0,0.0,0.0,0.0,0.0,0.0,0.0,0.0,0.0,0.0,0.0,0.0,0.0,0.0,0.0,0.0,1.2129592589237634,1.348761881660499,1.879191474545597
19O,0.0,0.0,0.0,0.0,0.0,0.0,0.0,0.0,0.0,0.0,0.0,0.0,0.0,0.0,0.0,0.0,0.0,0.0,0.0,2.2563906730823926,2.2985968962680188
20O,0.0,0.0,0.0,0.0,0.0,0.0,0.0,0.0,0.0,0.0,0.0,0.0,0.0,0.0,0.0,0.0,0.0,0.0,0.0,0.0,0.9769111995929779
21H,0.0,0.0,0.0,0.0,0.0,0.0,0.0,0.0,0.0,0.0,0.0,0.0,0.0,0.0,0.0,0.0,0.0,0.0,0.0,0.0,0.0
