 ,N1,H2,H3,C4,H5,C6,H7,H8,C9,C10,H11,C12,H13,C14,H15,C16,H17,C18,O19,H20,C21,O22,N23,H24,C25,H26,C27,H28,H29,C30,C31,H32,C33,H34,C35,H36,C37,H38,C39,O40,H41,C42,O43,O44,H45
N1,0.0,1.773544111306804,2.0216667402017494,2.945402069969456,0.09462482368237846,0.1833997890631493,0.027207319196197677,0.013689276304250098,0.019894768755603254,0.003485563226574756,0.00020234032971466753,0.018491748562426497,0.012240136788143063,0.0022160309068200434,9.046642228227597e-06,0.0033101506091544886,5.996477381486898e-05,0.0014223611287996485,0.0003362557340821082,1.8627032088214257e-05,0.21919855965510116,0.04364236577763668,0.032948636592034966,0.002073502029012686,0.007324339059235213,0.00044758256562760224,0.000630677861000406,0.00016067584324686024,8.177708035062015e-05,4.4979375909914854e-05,2.7726256495663737e-05,1.8766634470868127e-05,1.0546496213431622e-05,6.882418734921458e-07,6.9130652161630834e-06,1.4743304110886868e-07,6.2946238186673e-06,4.921722496220582e-08,3.1920368050164516e-06,7.432572144000504e-07,1.0030008379402489e-08,0.0010134280935928386,0.00010882257104212478,0.000325280074957468,0.00010437277045405313
H2,0.0,0.0,0.027860899361868974,0.1098710527348169,0.006843974373409445,0.034511847586305544,0.0021114040404859313,0.000909744027124848,0.0018753590820262955,0.00020929071059794246,1.3070936758063922e-05,0.0015132718704070625,0.00041724767705919596,0.0003128721275452717,9.494265580389794e-07,0.00040050195233520824,1.740418331674931e-06,8.648774360597855e-05,1.6789267115902007e-05,3.344528206161712e-06,0.01003248659298328,0.015363604800067376,0.0014253666223847938,2.4184519238801272e-05,0.0003104715264157232,2.4555029640049852e-05,1.5382900867444427e-05,3.878424177372608e-07,1.975241062934785e-06,4.714031643815453e-06,3.3138764587992142e-06,1.5528401651199175e-06,1.4594573173321024e-06,4.025654409822721e-08,4.6820519428170115e-07,5.32839372624494e-08,7.189491306736073e-07,4.810549736333769e-10,6.703350395875773e-07,1.8030659243439828e-07,4.985998947049097e-09,5.33793553240125e-05,1.2868423902800963e-05,1.037056179775675e-05,2.8925000188362304e-06
H3,0.0,0.0,0.0,0.10546817636280548,0.03737050586048696,0.007398483721587135,0.00022597658703582546,0.00017716294013103706,0.012270808787385956,0.0007344163124430869,8.58340283760306e-06,0.021045850661682297,0.0031955102556204817,0.002172879004908812,1.0176096509884047e-06,0.0020046308195259543,3.4467763005974206e-06,0.0009858176878512204,0.0001815227193190383,2.438528829307174e-06,0.01419196956799329,0.026623394368955666,0.002266027596353415,0.00028322849160589136,0.00032235531381963334,3.0321005643152432e-05,4.847950397246503e-05,6.337160485925253e-06,1.1763804204090178e-05,6.127040157566377e-06,6.841042830552091e-06,1.0716892931750266e-05,2.0980172104057004e-06,6.777875971586411e-08,1.1541029301120886e-06,2.7782745215532145e-08,5.496968648044387e-07,4.004806974933217e-08,5.646697969208248e-07,1.3798895548422507e-07,2.653590236434411e-09,2.4657358515423056e-05,1.683735456958768e-05,5.344479557689574e-06,6.348843391013048e-07
C4,0.0,0.0,0.0,0.0,2.0688837089182126,2.635918127189958,0.08511815196043315,0.09263265839082857,0.15991226384634327,0.0358542853478824,0.0005203853372215406,0.03364422634446368,0.00134437278336752,0.00443759124243584,0.0001891798413755641,0.0037834540308444575,0.00015916762648626737,0.011411655124063808,0.0029530337289095654,2.7494751890011493e-05,2.338503505116073,0.2709128625706241,0.20988376690618507,0.010517674084461137,0.03513094924268775,0.005572651389703864,0.003239946271869326,0.0007842177901002945,0.0005228499526546138,0.00026037576827583897,0.000203098518996081,9.456616774383697e-05,6.76860182368122e-05,6.767846026489721e-06,3.374734365807486e-05,1.585225387179534e-06,2.308747150842061e-05,4.4870954374331973e-07,1.6269809535396362e-05,3.900490420913338e-06,3.1420421453542957e-07,0.003941135524684836,0.0004545798445054622,0.0011157944720274482,0.00023359042418624743
H5,0.0,0.0,0.0,0.0,0.0,0.08951455267914299,0.005368155683893372,0.005650877336689009,0.025099480467556168,0.003383650547237327,8.275488289388733e-05,0.0036576634295064636,0.0002070297852894143,0.0005702758093115712,4.003215271675131e-05,0.0006874753878698403,3.453236512251934e-05,0.0010078158566451112,0.00028372417422928287,8.96597306576652e-06,0.10416677679791153,0.02911765012705725,0.010762628843433042,0.0011920773418543362,0.0013847523625152292,0.0002679341958122805,0.0003675121983015561,2.5063713537720744e-05,6.147825115787597e-05,7.27932197395198e-05,0.00024360061175765502,0.00024109847680420238,2.217376932212023e-05,3.2981388389252686e-06,4.7977850475056094e-05,2.615127833616171e-06,2.3222999015137802e-05,5.831083309537632e-07,1.097676231021083e-05,1.811660364836598e-06,5.445273301152298e-07,0.00018053331039991072,1.6941474000442547e-05,4.6452787260009565e-05,1.1818080431602596e-05
C6,0.0,0.0,0.0,0.0,0.0,0.0,1.7904600141589038,1.7026847343448666,2.835911143390334,0.24349936589167465,0.014255867179375437,0.2331231408648577,0.013647682102419956,0.03683028307234816,0.0023169386590653485,0.03573261189917536,0.0023831587795706266,0.020675395523591808,0.0055821078566092724,0.0002880489842885803,0.16734798885812727,0.03869007961110085,0.03051441395116565,0.016004834168826587,0.003517028663802671,0.00035652929558993574,0.00115408355116077,0.00016591964729417708,6.230109979121767e-05,6.514012889266563e-05,6.29780542453634e-05,2.7022529574871612e-05,2.5391362802815176e-05,1.4722313426140943e-06,1.3594856187265636e-05,2.9999991413287574e-07,5.50170322939636e-06,7.159298132108916e-08,1.142115559313317e-05,3.117651064088456e-06,7.498871468225587e-08,0.0006688474139418532,0.0006044060528014594,0.00017137849485499013,2.8644346251605057e-05
H7,0.0,0.0,0.0,0.0,0.0,0.0,0.0,0.02555362192496835,0.0965495887763439,0.01767295261177071,0.005914733287660789,0.024913249071146115,0.0006957235267912587,0.0016532582463244516,5.777953365249111e-05,0.002801750959040339,0.0006713713083492667,0.001993486233701658,0.000482345515832705,1.2507589714161327e-05,0.005051900944136323,0.000862652760267979,0.00804349710383534,0.015988491507930025,0.0009255769147307191,9.418376959047237e-05,0.00027938621172984845,6.118535601684627e-05,2.2819685598918227e-06,2.11180864730931e-05,2.1601906115220615e-05,1.4505341763282331e-06,5.755630920978305e-06,2.302269306309057e-07,1.747019888753698e-06,1.3207671711867874e-07,2.0124103932150916e-06,7.328002205042594e-09,3.7969637154411373e-06,9.98076419844729e-07,1.7411088126806362e-09,0.00020174576191922533,0.0007109586453545313,8.052574845396343e-05,7.956153013077838e-06
H8,0.0,0.0,0.0,0.0,0.0,0.0,0.0,0.0,0.09719690095584621,0.027835272666692834,0.0006014938637686207,0.016528512325542977,0.004676460871187782,0.0029945653584555476,0.000560412430957058,0.0017169492070192582,5.066366948769385e-05,0.0035528695316686676,0.0008838760459674022,6.036140775278476e-05,0.028043191795588118,0.004126954825684481,0.004267885947300654,0.0010236414145463613,0.0005016620121687243,0.00012424402112554134,0.00015188178379843542,1.0735633340308581e-05,2.7205606092373102e-06,1.0562762230659217e-05,1.1369725877896641e-05,2.2177766885178585e-06,6.9773553516006e-06,1.3240879392917293e-07,3.1097337439556227e-06,8.7258511527466e-09,1.1173954468368663e-06,1.4327138364578218e-08,3.125058567254868e-06,8.529359153408578e-07,2.762231887665223e-08,0.0001930506936493881,1.028003936287547e-05,4.3823206567261686e-05,1.0192588959956339e-05
C9,0.0,0.0,0.0,0.0,0.0,0.0,0.0,0.0,0.0,3.7294151636795316,0.1254991161732264,3.667631597770979,0.12489204402353171,0.3291472925504233,0.025915550193204462,0.3248519279056763,0.02645394041812943,0.2638702770063929,0.055140525128424975,0.0014311012707213244,0.019335801158767263,0.0033474872253935473,0.003433460679584721,0.0012931677850732681,0.0004506467570631334,6.554208043207943e-05,9.218890225196064e-05,1.5680707594167842e-05,1.1302191831985553e-05,1.5774168714483006e-05,2.491019099631897e-05,4.5537010836760317e-05,3.867681242830656e-06,2.3462202469737292e-07,3.907593155494382e-06,9.679311330224039e-08,1.9393132462963703e-06,4.2394834309789076e-08,1.5256034954502784e-06,3.6406534566213455e-07,2.748326166646109e-08,0.00036694544543655616,0.0007346459987982307,8.347404884685716e-05,6.253233374664546e-06
C10,0.0,0.0,0.0,0.0,0.0,0.0,0.0,0.0,0.0,0.0,1.8923564362832728,0.3322272839291246,0.028596639224519382,3.8773343341907496,0.1290966344299076,0.3059370248853577,0.003997487172166192,0.3387667048270917,0.04441847305992751,0.0028480321433349554,0.008635248302396592,0.0013474731534857676,0.005661027302873281,0.0007701260862732484,0.000713548668803049,0.0002807723974362908,0.0002659748663801087,2.307646048871348e-05,1.5856099043087823e-05,4.8846541542330035e-05,1.9811525905494287e-05,2.1407371829207378e-05,9.560974980851733e-06,7.829326067465558e-07,3.5451293591282074e-06,1.0366353464519307e-07,4.320351053604954e-06,1.9411067198049636e-08,3.0871863002934763e-06,8.594954049312431e-07,4.2652931409037365e-08,0.0022039903806815864,0.00574072612093085,0.0005790964348574845,3.112152154693959e-05
H11,0.0,0.0,0.0,0.0,0.0,0.0,0.0,0.0,0.0,0.0,0.0,0.028490145799474842,0.0016496866480919525,0.13480265758432242,0.008526927333155188,0.0035297845117798765,0.0004135241164338055,0.026173608897349432,0.003208776651766998,0.00020276362275661874,0.001299867859553716,0.00045575783682449966,0.00520851013563306,0.0009867479630165654,0.0006215768341686356,0.0001505464757329822,0.00043011614125521014,7.328280174245805e-06,8.77150127376325e-06,7.023858887467149e-05,1.014083994199666e-05,3.899941344753799e-06,1.8063483461894236e-05,3.927695677585774e-06,4.135770397040162e-06,5.5518181607538963e-08,1.216071124021667e-06,6.582553879752595e-08,3.464132013464294e-06,1.1714330395706796e-06,4.272604958721615e-08,0.005879957330345631,0.020352916451992553,0.0019815272495771197,1.4784375586884835e-05
C12,0.0,0.0,0.0,0.0,0.0,0.0,0.0,0.0,0.0,0.0,0.0,0.0,2.079721303026914,0.29795743701262084,0.004028043696785888,3.941396370311881,0.1329478721668622,0.34386165104047184,0.04364553556262009,0.0039991395247146455,0.0028333880042337167,0.0005115357071926036,0.0005848762680999292,0.0005703107287192699,8.37440555749025e-05,1.072236819887884e-05,1.3720249644688653e-05,3.1644034184097336e-06,8.28516831363757e-07,2.897572788068681e-06,4.747787257924907e-06,7.275408323126342e-06,9.244136685016002e-07,4.9406452040656745e-08,8.014706119469084e-07,3.0237210735251097e-08,3.0438717499303714e-07,9.459434346936746e-09,3.700023696595611e-07,9.05563955905242e-08,6.951334063920456e-09,0.00010747478627903817,0.0001771284846583676,2.0240498628865122e-05,1.7557171902993218e-06
H13,0.0,0.0,0.0,0.0,0.0,0.0,0.0,0.0,0.0,0.0,0.0,0.0,0.0,0.0035074948376190296,0.0004027725096018564,0.13543321752554593,0.00855521834948636,0.026724826781866495,0.0031178741066514304,0.00129896052201528,0.0006805378252714434,8.287987579236322e-05,0.0001220806245451067,6.7844559723528874e-06,2.711799767207701e-05,1.2369699942116341e-06,2.523232017104249e-06,3.486933792817837e-07,1.806773981538612e-07,1.5397700203756415e-07,1.8501633514134141e-07,2.006643655683149e-07,1.0756149415591665e-07,2.9208373497624507e-09,2.7294289717261222e-08,5.768203692468887e-10,2.174121571663079e-08,4.045808132957518e-11,3.746222532186039e-08,9.65581448131303e-09,8.608336266036076e-11,2.369351990938462e-05,2.1947294839286258e-05,3.825668873691512e-06,9.031413710225422e-07
C14,0.0,0.0,0.0,0.0,0.0,0.0,0.0,0.0,0.0,0.0,0.0,0.0,0.0,0.0,2.071013482115422,0.32511826777760033,0.028184459344571478,3.6918404903540747,0.3167790392086953,0.031086300011215262,0.0008577398030204519,0.00034268901630693516,0.0009721415924483501,9.230595947129494e-05,0.00011421840987455023,6.830170561689108e-05,3.5620443179840144e-05,7.5762967512993384e-06,2.2546020652658427e-06,6.913133886621292e-06,4.054367557265737e-06,2.120895101320741e-06,1.7284262979200271e-06,1.83529497155277e-07,1.1100581814443844e-06,1.803890259388652e-08,1.0098019261883806e-06,3.5518914476284635e-09,5.233875761123663e-07,1.426393598236153e-07,6.819571130023405e-09,0.00030236748760656407,0.0006617770367457615,6.696523789065378e-05,5.4227548360596955e-06
H15,0.0,0.0,0.0,0.0,0.0,0.0,0.0,0.0,0.0,0.0,0.0,0.0,0.0,0.0,0.0,0.027860313970968775,0.0019325343326730415,0.13000393334778182,0.012864074802750203,0.017349190759224475,6.16481814887937e-05,2.2535415119318003e-05,1.5671228295488504e-05,1.2130376346730642e-05,3.307433795951553e-06,4.3734395815953064e-07,8.647541829276406e-07,9.600860595426752e-08,3.2804620575532795e-08,2.138679331409321e-07,1.688675679289986e-07,1.5059641733650153e-07,6.002878283339896e-08,2.997355474931851e-09,1.3839226875589361e-08,1.1708527480891462e-09,7.175230631872864e-09,2.154181277802536e-10,2.0117787880025162e-08,5.951535486659054e-09,2.361701945119421e-10,1.8709065295885452e-05,3.8813627861511435e-05,4.563003074720129e-06,2.870350461758875e-07
C16,0.0,0.0,0.0,0.0,0.0,0.0,0.0,0.0,0.0,0.0,0.0,0.0,0.0,0.0,0.0,0.0,1.9027032750957522,3.6502331939329267,0.2999367470433939,0.03437318787895993,0.00141400435223063,0.0002939261927094594,0.00043719455127980145,0.00015081687465601235,5.956133581594414e-05,2.479818917255905e-05,1.049517554638224e-05,4.071707179864603e-06,1.6146749768353175e-06,2.626678916206604e-06,4.523780470500061e-06,7.299419897410786e-06,6.350400154619962e-07,5.514214529434014e-08,1.0140327440510966e-06,2.4459828829037633e-08,6.202510637043357e-07,1.896048873462064e-09,3.327815424891689e-07,6.854971834613366e-08,5.016987381090132e-09,3.7393192596435476e-05,3.0085919158942542e-05,3.6424193354256396e-06,7.248962745620702e-07
H17,0.0,0.0,0.0,0.0,0.0,0.0,0.0,0.0,0.0,0.0,0.0,0.0,0.0,0.0,0.0,0.0,0.0,0.13578524416830184,0.012313809636438688,0.0012671000501986995,1.0644762163058985e-05,2.4628077613941812e-06,1.352889976513616e-05,2.565140759558382e-05,2.460984186214432e-06,1.0518474891085816e-07,2.963879390804891e-07,1.3173866730831207e-07,2.061554460475179e-08,3.3136259292021464e-08,4.7400671165931385e-08,8.788451388852536e-08,1.274714356291895e-08,2.7171356276056713e-09,7.7229462824846e-09,7.162315185382795e-11,2.334495041722562e-09,6.903633220645133e-11,1.4142083060164623e-09,3.3115299391539565e-10,7.235234633640175e-11,1.6871971548759745e-06,3.2857405269925977e-06,3.751513985017496e-07,3.111600865857156e-08
C18,0.0,0.0,0.0,0.0,0.0,0.0,0.0,0.0,0.0,0.0,0.0,0.0,0.0,0.0,0.0,0.0,0.0,0.0,3.32621017666147,0.14077447027881151,0.001113053080602222,0.00021398807127481767,0.00019849171374662633,8.139950484609138e-05,3.380941622802003e-05,8.977379614916181e-06,8.346482993609738e-06,1.5020711141566778e-06,1.0106405812226882e-06,1.8749012116181518e-06,2.8998398934887426e-06,7.116981738164441e-06,5.366512495219578e-07,4.7329087982106444e-08,4.422582201291103e-07,2.272190680052688e-08,1.752117732012337e-07,7.126059742290636e-10,2.1604703909217093e-07,4.446444072658817e-08,3.894799371906288e-09,6.71017027493448e-05,0.00012777772852526348,1.3236420987078334e-05,1.6056484051230058e-06
O19,0.0,0.0,0.0,0.0,0.0,0.0,0.0,0.0,0.0,0.0,0.0,0.0,0.0,0.0,0.0,0.0,0.0,0.0,0.0,1.8693708592476688,0.00030239589666547495,4.991615914590186e-05,4.626215108305409e-05,2.3989450361527886e-05,6.244127257110099e-06,1.2398619236853037e-06,1.885011253657809e-06,3.7202511837808316e-07,3.3292763457204444e-07,4.6849132188941933e-07,8.492420461303496e-07,2.3099795496417386e-06,1.3518736323436809e-07,1.3682761590416703e-08,1.344421731025447e-07,6.386683071291088e-09,3.42206708664472e-08,1.7197332446983182e-10,5.0042474081246624e-08,1.048852908691611e-08,9.976237613784633e-10,1.5891409814311475e-05,2.906055738279012e-05,2.8353183609552968e-06,4.6154369892636993e-07
H20,0.0,0.0,0.0,0.0,0.0,0.0,0.0,0.0,0.0,0.0,0.0,0.0,0.0,0.0,0.0,0.0,0.0,0.0,0.0,0.0,2.993493220415644e-06,1.3120742218264425e-06,2.114441219891461e-06,1.4297987172007254e-07,3.3868442428364176e-07,1.0459068899848489e-07,1.7911021277239314e-07,2.5861636610002847e-08,1.1511004816000536e-08,1.4224108557669979e-08,1.2137936433731511e-08,1.2173328567399722e-08,2.6956707976921734e-09,5.900337995967675e-10,1.2172518548680955e-09,4.0148551150309686e-11,4.1079872836746745e-10,1.0282663609473275e-11,5.198286245899908e-10,1.087389067677691e-10,1.6467271990450172e-11,8.206740924610045e-07,1.933026741007815e-06,2.0281763657425955e-07,1.8527957834635345e-08
C21,0.0,0.0,0.0,0.0,0.0,0.0,0.0,0.0,0.0,0.0,0.0,0.0,0.0,0.0,0.0,0.0,0.0,0.0,0.0,0.0,0.0,4.873011197395634,3.411607560321121,0.13184447847018044,0.2717627623101626,0.028698648377473823,0.031351451812753506,0.0028444940693643783,0.003239479197877815,0.002562652622960654,0.0023603171014145163,0.001357973672005297,0.0005676340180204853,2.7026971059829208e-05,0.0005907804058226662,1.1544589107792547e-05,0.00034947310498797957,4.88551904265222e-06,0.0001897066683396731,4.3055457346813375e-05,4.456056137747133e-06,0.028953494811670893,0.005626283677193283,0.005412972840278224,0.00114634278223269
O22,0.0,0.0,0.0,0.0,0.0,0.0,0.0,0.0,0.0,0.0,0.0,0.0,0.0,0.0,0.0,0.0,0.0,0.0,0.0,0.0,0.0,0.0,0.537641455281423,0.026002674272383564,0.07399025693237116,0.04995561627787792,0.013161106563717759,0.0011092213337752233,0.00671695208605827,0.0018617064906898684,0.0017137441363054284,0.00033468044255291485,0.0004142995046310799,1.1620086515673478e-05,0.0004164318386454535,1.6122164155918384e-06,0.0002294577474691445,3.6677077190905294e-06,0.00012240665498168546,2.8306257756322006e-05,7.827005886751337e-07,0.011062692720205852,0.004319767004324432,0.0015159983504224733,0.00024232454341588383
N23,0.0,0.0,0.0,0.0,0.0,0.0,0.0,0.0,0.0,0.0,0.0,0.0,0.0,0.0,0.0,0.0,0.0,0.0,0.0,0.0,0.0,0.0,0.0,1.9189897858146805,2.651880306670623,0.09504125878935432,0.18035321379471952,0.026811711464244437,0.007685014446500271,0.01605199608549955,0.0175197730248213,0.006167430492257098,0.0024844094095616415,0.0001448196628024423,0.002354987408353701,4.295770239193253e-05,0.0015696952029195244,4.29696693093895e-06,0.0010114108980922715,0.00024617837848710244,9.058667172490154e-06,0.19752401003180686,0.050451720486428014,0.027836944134495403,0.005040057592190728
H24,0.0,0.0,0.0,0.0,0.0,0.0,0.0,0.0,0.0,0.0,0.0,0.0,0.0,0.0,0.0,0.0,0.0,0.0,0.0,0.0,0.0,0.0,0.0,0.0,0.09703820978769406,0.02395727333520692,0.005741835348492597,0.00035657939054289933,0.00012541239946051164,0.002300569031173927,0.002762022472802328,0.0002004812922162813,0.00021070400824285684,4.311235536569313e-06,0.00029002252038456966,2.0450098867641486e-06,0.0003484900581977035,1.2860092679645163e-07,0.0001736186619573088,3.098250074462516e-05,2.1302725583538518e-07,0.027436095267027394,0.058424886702852175,0.004167151343571485,0.00014044370747079427
C25,0.0,0.0,0.0,0.0,0.0,0.0,0.0,0.0,0.0,0.0,0.0,0.0,0.0,0.0,0.0,0.0,0.0,0.0,0.0,0.0,0.0,0.0,0.0,0.0,0.0,1.8843014951677652,2.722607808707201,0.0947215874620353,0.09612731052536505,0.16214020823362035,0.03555783078857683,0.000842871741169704,0.0370026459801219,0.0005186279541316008,0.003915870677272754,0.00016902405841601187,0.004554353656948562,0.00016807427618759085,0.011743321767539644,0.0029872019798519445,2.575542434779532e-05,2.699211479363446,0.27688926982239376,0.21460677904126066,0.05305684751537576
H26,0.0,0.0,0.0,0.0,0.0,0.0,0.0,0.0,0.0,0.0,0.0,0.0,0.0,0.0,0.0,0.0,0.0,0.0,0.0,0.0,0.0,0.0,0.0,0.0,0.0,0.0,0.08417370255193257,0.004966258683485325,0.00643142529474261,0.022649295872603892,0.004034179166395924,0.00014648126885274948,0.003560100785612974,7.322098056139481e-05,0.0006987511610864194,2.8983076432620436e-05,0.000533881441136419,3.073644724893576e-05,0.0011089458814413922,0.00030038252516872976,8.579494409133304e-06,0.11876086393621366,0.03181841576015898,0.010637944253026221,0.0004236110054818276
C27,0.0,0.0,0.0,0.0,0.0,0.0,0.0,0.0,0.0,0.0,0.0,0.0,0.0,0.0,0.0,0.0,0.0,0.0,0.0,0.0,0.0,0.0,0.0,0.0,0.0,0.0,0.0,1.7310949398795092,2.0071970454053014,2.7352029255058565,0.23706032236964628,0.014077090475687504,0.24006402561869783,0.014079306772291522,0.03511330249947964,0.0024396183793269355,0.03693896011268305,0.0022957833623833412,0.020441680185721872,0.005060580599222181,0.0002779648531727741,0.18028521937471204,0.043937789078383416,0.03018052872721566,0.0022392665890239583
H28,0.0,0.0,0.0,0.0,0.0,0.0,0.0,0.0,0.0,0.0,0.0,0.0,0.0,0.0,0.0,0.0,0.0,0.0,0.0,0.0,0.0,0.0,0.0,0.0,0.0,0.0,0.0,0.0,0.026024421788770846,0.09577468850456872,0.02580619374858384,0.0006499714973589032,0.01694530406693817,0.005443596708007314,0.002809584284871214,0.0006500421289812319,0.0016487002234690795,5.334533021694732e-05,0.002380641838167774,0.0005741380761137282,1.1929880286754013e-05,0.0064621809933280705,0.000993410018999663,0.012232654699247503,0.00037913659793753496
H29,0.0,0.0,0.0,0.0,0.0,0.0,0.0,0.0,0.0,0.0,0.0,0.0,0.0,0.0,0.0,0.0,0.0,0.0,0.0,0.0,0.0,0.0,0.0,0.0,0.0,0.0,0.0,0.0,0.0,0.09738049192399889,0.016426814637882314,0.005045498283136718,0.026757396967393432,0.0006379544431243112,0.00159669223666703,5.261146917989734e-05,0.002888105468896285,0.0006116059824676778,0.002923586414201207,0.0006986890955431591,6.473542505802676e-05,0.02671353387067632,0.004424133336948244,0.0038637332069961783,0.0002857622895100498
C30,0.0,0.0,0.0,0.0,0.0,0.0,0.0,0.0,0.0,0.0,0.0,0.0,0.0,0.0,0.0,0.0,0.0,0.0,0.0,0.0,0.0,0.0,0.0,0.0,0.0,0.0,0.0,0.0,0.0,0.0,3.533786555307819,0.1232627551801091,3.8010198743791133,0.12619081222461714,0.3245561436322596,0.0266288879992429,0.32855391525732747,0.025611765301704725,0.2620050718684566,0.0537573785197209,0.001377575559023403,0.02155906920086756,0.003377253440799949,0.004001422673808028,0.00043356733787225377
C31,0.0,0.0,0.0,0.0,0.0,0.0,0.0,0.0,0.0,0.0,0.0,0.0,0.0,0.0,0.0,0.0,0.0,0.0,0.0,0.0,0.0,0.0,0.0,0.0,0.0,0.0,0.0,0.0,0.0,0.0,0.0,2.0096928597287755,0.33274584707359994,0.029216844315060664,3.8960307986337903,0.13314807200890488,0.29845773268743186,0.003983897703699002,0.34209127334958545,0.04224539276238534,0.003911267904000093,0.0030189985262130403,0.00044732604872874115,0.0005698407461673799,7.794244463721345e-05
H32,0.0,0.0,0.0,0.0,0.0,0.0,0.0,0.0,0.0,0.0,0.0,0.0,0.0,0.0,0.0,0.0,0.0,0.0,0.0,0.0,0.0,0.0,0.0,0.0,0.0,0.0,0.0,0.0,0.0,0.0,0.0,0.0,0.028747853435215687,0.0016856218424821101,0.13522758340407903,0.008586224896254713,0.003523116648409985,0.00041167108900830307,0.026806125306523487,0.003245826811975383,0.0013044675720892407,0.0003182866544566565,4.43549905864149e-05,7.187867930324998e-05,6.519112427882945e-06
C33,0.0,0.0,0.0,0.0,0.0,0.0,0.0,0.0,0.0,0.0,0.0,0.0,0.0,0.0,0.0,0.0,0.0,0.0,0.0,0.0,0.0,0.0,0.0,0.0,0.0,0.0,0.0,0.0,0.0,0.0,0.0,0.0,0.0,2.0156712362189833,0.30192895357905225,0.003986544407480697,3.8221202893906794,0.1286498145987165,0.33765437366831563,0.042797895186976645,0.0027005872983980606,0.01077970061403391,0.0014555506766508325,0.0085572357546371,0.0006941095190785562
H34,0.0,0.0,0.0,0.0,0.0,0.0,0.0,0.0,0.0,0.0,0.0,0.0,0.0,0.0,0.0,0.0,0.0,0.0,0.0,0.0,0.0,0.0,0.0,0.0,0.0,0.0,0.0,0.0,0.0,0.0,0.0,0.0,0.0,0.0,0.0035479100135840103,0.00041974331119343233,0.13372468002094484,0.008530206274387053,0.026650306931095713,0.00324967562109435,0.00020568399888265532,0.00257131598020921,0.0008946508098169881,0.012222465481803058,0.0005101352530161307
C35,0.0,0.0,0.0,0.0,0.0,0.0,0.0,0.0,0.0,0.0,0.0,0.0,0.0,0.0,0.0,0.0,0.0,0.0,0.0,0.0,0.0,0.0,0.0,0.0,0.0,0.0,0.0,0.0,0.0,0.0,0.0,0.0,0.0,0.0,0.0,2.01260668064974,0.32381670902504667,0.027802171168921808,3.716134321202351,0.30433943504004446,0.03398007966290595,0.0017218063476848733,0.0003754789594957175,0.0004192792582097399,6.174410019876841e-05
H36,0.0,0.0,0.0,0.0,0.0,0.0,0.0,0.0,0.0,0.0,0.0,0.0,0.0,0.0,0.0,0.0,0.0,0.0,0.0,0.0,0.0,0.0,0.0,0.0,0.0,0.0,0.0,0.0,0.0,0.0,0.0,0.0,0.0,0.0,0.0,0.0,0.028186629756284054,0.001918977990137849,0.13733284788947597,0.012589207569505656,0.0012772587852509787,6.861347548570151e-06,2.428483276473159e-06,7.452875438573869e-06,4.505450351022233e-06
C37,0.0,0.0,0.0,0.0,0.0,0.0,0.0,0.0,0.0,0.0,0.0,0.0,0.0,0.0,0.0,0.0,0.0,0.0,0.0,0.0,0.0,0.0,0.0,0.0,0.0,0.0,0.0,0.0,0.0,0.0,0.0,0.0,0.0,0.0,0.0,0.0,0.0,1.9969535206375708,3.548134823952697,0.3128063829075559,0.03057346568287156,0.001084616349837364,0.00046559977767661465,0.0012995674376950345,0.00013465466993001218
H38,0.0,0.0,0.0,0.0,0.0,0.0,0.0,0.0,0.0,0.0,0.0,0.0,0.0,0.0,0.0,0.0,0.0,0.0,0.0,0.0,0.0,0.0,0.0,0.0,0.0,0.0,0.0,0.0,0.0,0.0,0.0,0.0,0.0,0.0,0.0,0.0,0.0,0.0,0.12836227701184022,0.012731189578548463,0.01691990819908451,7.42552664676488e-05,2.6514891550588615e-05,2.9980729867373768e-05,3.362271203455336e-06
C39,0.0,0.0,0.0,0.0,0.0,0.0,0.0,0.0,0.0,0.0,0.0,0.0,0.0,0.0,0.0,0.0,0.0,0.0,0.0,0.0,0.0,0.0,0.0,0.0,0.0,0.0,0.0,0.0,0.0,0.0,0.0,0.0,0.0,0.0,0.0,0.0,0.0,0.0,0.0,3.2887581307798266,0.13960285667157935,0.0012083214121291208,0.00018599968574570247,0.0002659661083684872,4.600249250974464e-05
O40,0.0,0.0,0.0,0.0,0.0,0.0,0.0,0.0,0.0,0.0,0.0,0.0,0.0,0.0,0.0,0.0,0.0,0.0,0.0,0.0,0.0,0.0,0.0,0.0,0.0,0.0,0.0,0.0,0.0,0.0,0.0,0.0,0.0,0.0,0.0,0.0,0.0,0.0,0.0,0.0,1.8542443810001503,0.0002966616601902672,3.930990933097289e-05,6.071849299016385e-05,1.0919649844676194e-05
H41,0.0,0.0,0.0,0.0,0.0,0.0,0.0,0.0,0.0,0.0,0.0,0.0,0.0,0.0,0.0,0.0,0.0,0.0,0.0,0.0,0.0,0.0,0.0,0.0,0.0,0.0,0.0,0.0,0.0,0.0,0.0,0.0,0.0,0.0,0.0,0.0,0.0,0.0,0.0,0.0,0.0,4.194759777309542e-06,1.3871669238829654e-06,2.9514290565968437e-06,3.429217363404291e-07
C42,0.0,0.0,0.0,0.0,0.0,0.0,0.0,0.0,0.0,0.0,0.0,0.0,0.0,0.0,0.0,0.0,0.0,0.0,0.0,0.0,0.0,0.0,0.0,0.0,0.0,0.0,0.0,0.0,0.0,0.0,0.0,0.0,0.0,0.0,0.0,0.0,0.0,0.0,0.0,0.0,0.0,0.0,5.306979361572769,3.317903490903719,0.17266168474011956
O43,0.0,0.0,0.0,0.0,0.0,0.0,0.0,0.0,0.0,0.0,0.0,0.0,0.0,0.0,0.0,0.0,0.0,0.0,0.0,0.0,0.0,0.0,0.0,0.0,0.0,0.0,0.0,0.0,0.0,0.0,0.0,0.0,0.0,0.0,0.0,0.0,0.0,0.0,0.0,0.0,0.0,0.0,0.0,0.5073125493108014,0.06949957672767693
O44,0.0,0.0,0.0,0.0,0.0,0.0,0.0,0.0,0.0,0.0,0.0,0.0,0.0,0.0,0.0,0.0,0.0,0.0,0.0,0.0,0.0,0.0,0.0,0.0,0.0,0.0,0.0,0.0,0.0,0.0,0.0,0.0,0.0,0.0,0.0,0.0,0.0,0.0,0.0,0.0,0.0,0.0,0.0,0.0,1.7176304282434756
H45,0.0,0.0,0.0,0.0,0.0,0.0,0.0,0.0,0.0,0.0,0.0,0.0,0.0,0.0,0.0,0.0,0.0,0.0,0.0,0.0,0.0,0.0,0.0,0.0,0.0,0.0,0.0,0.0,0.0,0.0,0.0,0.0,0.0,0.0,0.0,0.0,0.0,0.0,0.0,0.0,0.0,0.0,0.0,0.0,0.0
