,1N,2H,3H,4C,5H,6C,7H,8H,9C,10H,11H,12S,13C,14H,15H,16H,17C,18O,19N,20H,21C,22H,23C,24H,25H,26C,27N,28C,29H,30C,31H,32N,33H,34C,35O,36O,37H
1N,0.0,1.0207627507965715,1.0219090532024246,1.4659610342964338,2.0844069682274893,2.451777680970738,2.580040545082933,2.717531009022602,3.8367811194333723,4.196023925960529,4.147782526465597,5.285027653605404,5.661526258847436,5.161419178748181,5.784393850323584,6.6949136945884264,2.4877172293878402,2.879793379785405,3.6154148601973017,3.851359620421725,4.858551567159355,4.962179462841072,6.044407151020382,6.300790476550561,6.931531994010395,6.1494451251987785,6.343024365428734,6.538124801387877,6.842901823974074,6.802803836235181,7.298569463028287,6.938694759238553,7.490793506603092,5.441408510048855,5.512966467033733,6.37334202950888,6.895370050664985
2H,0.0,0.0,1.6197817660030762,2.042581768892171,2.3452418319594477,3.343892816090663,3.5180103658065196,3.6568096262836023,4.597524274731852,4.8329353531214885,4.7956282296924275,6.172421191312349,6.55193038335284,6.083228854246203,6.572911647762697,7.6084018838328795,2.716970666827266,3.1122780744984944,3.655233823410172,3.862459521646603,4.823060378114172,4.759492829951252,5.937915737223143,6.335060583718398,6.8040174823122825,5.839764274909838,5.8355823085823095,6.231682688292205,6.659768538548593,6.199830311910911,6.581053655310192,6.447579699032799,6.977681133002357,5.637994027842619,5.90872829078035,6.486544232217286,7.120007957597944
3H,0.0,0.0,0.0,2.017175287867094,2.912513933750921,2.7065874610129588,2.962722636569067,2.5439418190671588,4.150952731349849,4.413135734018623,4.685616605582337,5.435820756706508,5.488057434766298,4.834569280900276,5.602126427358158,6.49732169976043,2.5735184882397797,2.5013504386919787,3.878417074781226,4.340730165355968,4.932419500055638,4.932604940707744,6.280529213262307,6.593666483513908,7.06471357627737,6.554685811092823,6.696583194576437,7.116692138199969,7.478971599532827,7.298332823449217,7.785006460894127,7.563330921374119,8.196066063431214,5.30978625437187,5.395631869473808,6.098218940295287,6.548632191061294
4C,0.0,0.0,0.0,0.0,1.0997660308547283,1.546021614566007,2.1484290280156593,2.1488751877786267,2.581150715468338,2.8119307218060863,2.884076016437522,4.246997450126913,4.726754163095598,4.466140290482923,4.713361867578119,5.79891569891217,1.538135952587208,2.417139099499121,2.4748011563436068,2.6193282676704643,3.8330781755953427,4.215419593838985,4.914303383713626,5.011033646326655,5.8573913868890015,5.163034807157958,5.629651904654394,5.517441856557771,5.700996019053367,6.176824427102052,6.854805946071577,6.148423093080425,6.7502794005200695,4.37076487417026,4.31602798407756,5.480032505899761,5.983732467676643
5H,0.0,0.0,0.0,0.0,0.0,2.170040064621028,2.5246462970324015,3.0569400803376032,2.7793065385884668,3.056028160182708,2.64559552563709,4.536827007385666,5.340330866401973,5.249253570530518,5.309392516998576,6.386527161796885,2.1766532777098275,3.2828057460691626,2.564380591660753,2.2801162757842093,4.01129417279911,4.4713925080894885,4.791573856341685,4.821360137501865,5.826230946699147,4.783437917472926,5.305622218077931,4.883218842544904,4.985555293388744,5.655332639848641,6.339746268475396,5.448884064634792,5.941866842602711,4.793501193845703,4.768849647515559,5.97730539902005,6.554197836129911
6C,0.0,0.0,0.0,0.0,0.0,0.0,1.0948561440480182,1.0973217712756087,1.5332182688389453,2.187457211151546,2.1732312644175167,2.837895409713017,3.421154143712718,3.186613865492991,3.664104765071369,4.439900488626979,2.5125276612006524,3.12100619550891,3.378161421291177,3.4993043406239646,4.605450566808359,5.184342790830062,5.655390096697798,5.500029074988012,6.563165515431615,6.161099405123025,6.8420656303453065,6.461306060127067,6.440681067127104,7.4528258254825595,8.220132422045394,7.2827544054019455,7.866308270946824,4.6927084400350765,4.233137577135014,5.860140884219811,6.138092952412651
7H,0.0,0.0,0.0,0.0,0.0,0.0,0.0,1.7650423940434876,2.171162710504815,3.088287688888364,2.4850178652465944,3.0678861656687038,3.948279434823542,3.665834049725073,4.422257022206873,4.8433409614069864,3.445395539932757,4.046352165547723,4.320962246057009,4.309425393285632,5.6243744540798275,6.170953832650335,6.617731140530355,6.438788651578454,7.567698507467727,6.990841772069611,7.639732745284818,7.15253515956529,7.075550775252349,8.12490202866592,8.839930208286294,7.885644377768366,8.36996565834378,5.783931607550179,5.307665400313295,6.950482300958181,7.224633516071244
8H,0.0,0.0,0.0,0.0,0.0,0.0,0.0,0.0,2.168230013788456,2.571056701823607,3.077003661303224,3.001901170604799,2.9887191726170537,2.4545056530451026,3.271208148144701,3.997778949153579,2.678659511701296,2.8321196354973863,3.7468942098385933,4.123768071707782,4.763892392227874,5.244474464382063,5.992394601723022,5.9052581043762435,6.784395684400565,6.669497526609813,7.285060626803993,7.150951388717132,7.207647609047093,8.028251899319574,8.780062670437044,7.99597340096905,8.657176733499204,4.583287477172328,4.092055974686531,5.600805419276002,5.76519561751081
9C,0.0,0.0,0.0,0.0,0.0,0.0,0.0,0.0,0.0,1.0949328328014214,1.097411290804483,1.8377330648413224,2.8081990302692583,3.0954616488182296,2.9080830018931243,3.7666299111442685,3.0911762817274386,3.8479576310929136,3.401551596183944,3.3177511962630053,4.468365141034207,5.306105554184182,5.213723105855995,4.775993930384842,6.1125468889139665,5.857250307657013,6.802623522706434,6.034717195632005,5.802010057686425,7.42937477033664,8.326213772279242,7.060445977927066,7.629637449867048,4.38682227189304,3.6633753791045343,5.667640273137111,5.856722111113627
10H,0.0,0.0,0.0,0.0,0.0,0.0,0.0,0.0,0.0,0.0,1.77051654405709,2.405179677077756,2.8329712084596372,3.2277965637208252,2.5081866453393347,3.8197492705630403,2.7395065745426415,3.4442773982460886,2.765033438206412,2.8044898166624974,3.592239224777754,4.508627484549478,4.302670535504788,3.8392690356840875,5.13210028160467,5.1282327192303185,6.1303773570501905,5.451180569582454,5.268305665456768,6.882117631921027,7.829008707727347,6.575918150975157,7.23907435956249,3.376880140100722,2.6157405483574143,4.673298002359788,4.858819733821154
11H,0.0,0.0,0.0,0.0,0.0,0.0,0.0,0.0,0.0,0.0,0.0,2.3713035908462428,3.73833514262768,4.1268492615837875,3.8381375549042107,4.5890429576095135,3.585678733289282,4.5549965335874285,3.6448391552833304,3.2467516493353883,4.803979209935504,5.6833443711335105,5.2926828620135975,4.772033184109113,6.273540622597564,5.715327783890766,6.717815307073017,5.641410057470451,5.274973971540651,7.173084931531782,8.071012040101058,6.628220981839366,7.079825879346156,4.972973670282547,4.337068860801668,6.3077403028964545,6.58336456935163
12S,0.0,0.0,0.0,0.0,0.0,0.0,0.0,0.0,0.0,0.0,0.0,0.0,1.8307186838300233,2.4569692317056235,2.440314368380301,2.389380718010656,4.739512047094416,5.239042617721669,5.10209315520773,5.0753983820690305,5.966115755955126,6.838856224316797,6.662701376998619,6.073488288876011,7.44669965913588,7.473235536184181,8.50350582832703,7.6301997554366725,7.26696733792834,9.173330740939685,10.104815311923504,8.742536671725286,9.287537645831137,5.5117822893015616,4.507111004360181,6.680383017608211,6.616901303389382
13C,0.0,0.0,0.0,0.0,0.0,0.0,0.0,0.0,0.0,0.0,0.0,0.0,0.0,1.0940436015495818,1.0942838622577253,1.0937696517948525,4.768857308205629,4.848691600970766,5.2546243377323645,5.554337362170497,5.7935570017755635,6.55911682658846,6.692398658379079,6.218634146055186,7.278635078915017,7.765837814710292,8.713646653059696,8.219271082460354,8.012198222398869,9.593832694163208,10.521808928756984,9.377083256583893,10.065936060073986,4.9349777178412815,3.8589970897433328,5.854782128293022,5.5786773675526025
14H,0.0,0.0,0.0,0.0,0.0,0.0,0.0,0.0,0.0,0.0,0.0,0.0,0.0,0.0,1.7878707773762161,1.7776434281571507,4.551327605942504,4.435580154000479,5.294876682118717,5.718372426134904,5.885848242521717,6.50719859943439,6.984797193939987,6.667857048262634,7.572936525941405,8.019240406799808,8.830168254603969,8.563872860212085,8.472095328657584,9.730444787112114,10.594264941046246,9.63438155667348,10.348301252787877,5.069369674996814,4.147255367445596,5.900995702490906,5.654779413945129
15H,0.0,0.0,0.0,0.0,0.0,0.0,0.0,0.0,0.0,0.0,0.0,0.0,0.0,0.0,0.0,1.7845663486349121,4.4237730381386235,4.4673249090173295,4.712160501346034,5.078820290619048,5.025924522674593,5.8182240847725035,5.863744115952715,5.386647687363527,6.35743706744706,7.047934605407927,8.016119127439062,7.592563205793992,7.42353517540254,8.969871990108464,9.922965425929915,8.79750497279913,9.541378118678137,4.020617838899866,2.887188097976819,4.896244110092109,4.578842758258902
16H,0.0,0.0,0.0,0.0,0.0,0.0,0.0,0.0,0.0,0.0,0.0,0.0,0.0,0.0,0.0,0.0,5.857758304363763,5.89476792864223,6.304974526853555,6.581839791444216,6.767330869429802,7.547156237157594,7.593244386048584,7.050653070128307,8.119051135387865,8.717307196733413,9.70904214968858,9.14610936476429,8.876606161580101,10.59980262051781,11.548062139081122,10.344429092882075,11.020981215265541,5.800646578292513,4.669836984677978,6.628381515211484,6.230853182016064
17C,0.0,0.0,0.0,0.0,0.0,0.0,0.0,0.0,0.0,0.0,0.0,0.0,0.0,0.0,0.0,0.0,0.0,1.2291817464134398,1.3632903637260154,2.066600994716473,2.4481320393284767,2.759486371498353,3.7563803393238033,4.034074158245326,4.571991575227205,4.244637179098994,4.6680521214553865,4.938117982543517,5.290378521093264,5.478945552538599,6.208125178354461,5.660301669485598,6.43681191189205,2.983085055099169,3.2031561518825584,3.999009754461978,4.579087909868068
18O,0.0,0.0,0.0,0.0,0.0,0.0,0.0,0.0,0.0,0.0,0.0,0.0,0.0,0.0,0.0,0.0,0.0,0.0,2.2652496534088398,3.1663582324505386,2.7641299494761125,2.761784149519131,4.280127435026048,4.6854913555817275,4.87386844331118,4.94324392463853,5.193571135958414,5.845193219763343,6.292965376984539,6.145140231396536,6.799167903044307,6.529981902875101,7.370368220686885,2.9127764122180704,3.2453738814344595,3.5985797365969683,4.098233298721438
19N,0.0,0.0,0.0,0.0,0.0,0.0,0.0,0.0,0.0,0.0,0.0,0.0,0.0,0.0,0.0,0.0,0.0,0.0,0.0,1.0104024173633888,1.4484613314390806,2.0928215117432596,2.462775870293806,2.7442079671414072,3.3845115152935135,2.9539781647422476,3.59119888617476,3.6722122088203037,4.035114392887568,4.446499747306289,5.30562088691857,4.53130217019357,5.361126784107162,2.4453697678270934,2.8462188992620874,3.569466520444691,4.273898641407806
20H,0.0,0.0,0.0,0.0,0.0,0.0,0.0,0.0,0.0,0.0,0.0,0.0,0.0,0.0,0.0,0.0,0.0,0.0,0.0,0.0,2.1261433270605097,2.846174670501555,2.537484125785931,2.597348052774212,3.6043920224251447,2.6857843199918103,3.5116401416776863,3.0332648625038403,3.24539640810406,4.129483630067194,5.041576941848865,3.9368457199420357,4.669310799729288,3.189846665455645,3.43080064891006,4.37298533384449,5.062517347183217
21C,0.0,0.0,0.0,0.0,0.0,0.0,0.0,0.0,0.0,0.0,0.0,0.0,0.0,0.0,0.0,0.0,0.0,0.0,0.0,0.0,0.0,1.094065692774146,1.548372419500337,2.168999001037606,2.148471977252793,2.541717114181278,3.127880596549685,3.663965749799623,4.170253066306247,4.2781110335675825,5.157906805437806,4.577857130974704,5.533201526464693,1.531448683520282,2.4444859910435572,2.376882751200064,3.2133603338406105
22H,0.0,0.0,0.0,0.0,0.0,0.0,0.0,0.0,0.0,0.0,0.0,0.0,0.0,0.0,0.0,0.0,0.0,0.0,0.0,0.0,0.0,0.0,2.1689036932314973,3.0661369764381186,2.4532947089274755,2.8111676477649143,2.884909765123654,4.080616752148509,4.792491232875527,4.107194483561221,4.8234361941063995,4.723425710394189,5.706047614895873,2.1446823564120425,3.250081688709626,2.442483181646261,3.390774474433853
23C,0.0,0.0,0.0,0.0,0.0,0.0,0.0,0.0,0.0,0.0,0.0,0.0,0.0,0.0,0.0,0.0,0.0,0.0,0.0,0.0,0.0,0.0,0.0,1.0972560913323506,1.096311119015472,1.4997753794583415,2.51397731703506,2.5904787737027988,3.0611958836131192,3.5800986622141773,4.583481676489358,3.666144759174676,4.6166685794590965,2.499761866792759,3.2289848386232025,3.153251267982766,3.9314227736960703
24H,0.0,0.0,0.0,0.0,0.0,0.0,0.0,0.0,0.0,0.0,0.0,0.0,0.0,0.0,0.0,0.0,0.0,0.0,0.0,0.0,0.0,0.0,0.0,0.0,1.7673358696970574,2.139440267713033,3.4081399116405584,2.7309416586074837,2.79128196690745,4.280407374393522,5.341411668994933,4.031482368032417,4.869574090757737,2.6886955071447445,3.007511979903078,3.55644877659557,4.140110691090744
25H,0.0,0.0,0.0,0.0,0.0,0.0,0.0,0.0,0.0,0.0,0.0,0.0,0.0,0.0,0.0,0.0,0.0,0.0,0.0,0.0,0.0,0.0,0.0,0.0,0.0,2.1389215649670454,2.815799909265932,3.292004700283145,3.8042711266686906,3.9692383817771546,4.885034333925466,4.235426577963686,5.1954736725677355,2.693394232135152,3.549841234693176,2.874300047169316,3.620534082194461
26C,0.0,0.0,0.0,0.0,0.0,0.0,0.0,0.0,0.0,0.0,0.0,0.0,0.0,0.0,0.0,0.0,0.0,0.0,0.0,0.0,0.0,0.0,0.0,0.0,0.0,0.0,1.3815413520549287,1.3768287896738727,2.251774167892235,2.1478862086683934,3.202655359323028,2.1937518238868488,3.175095406617487,3.8588218711239044,4.594633942484489,4.482965006817468,5.338836138290527
27N,0.0,0.0,0.0,0.0,0.0,0.0,0.0,0.0,0.0,0.0,0.0,0.0,0.0,0.0,0.0,0.0,0.0,0.0,0.0,0.0,0.0,0.0,0.0,0.0,0.0,0.0,0.0,2.2615175091920534,3.3242239926172195,1.3140754729067945,2.136572598151207,2.2193377956033173,3.187248852969491,4.540055355607537,5.475775018545578,4.904242597874238,5.846577182985313
28C,0.0,0.0,0.0,0.0,0.0,0.0,0.0,0.0,0.0,0.0,0.0,0.0,0.0,0.0,0.0,0.0,0.0,0.0,0.0,0.0,0.0,0.0,0.0,0.0,0.0,0.0,0.0,0.0,1.0803600285498267,2.2098153559328235,3.2436525218756276,1.3812406266601442,2.1396617793049955,4.928100058865903,5.447974631099482,5.713589349527022,6.511211295726787
29H,0.0,0.0,0.0,0.0,0.0,0.0,0.0,0.0,0.0,0.0,0.0,0.0,0.0,0.0,0.0,0.0,0.0,0.0,0.0,0.0,0.0,0.0,0.0,0.0,0.0,0.0,0.0,0.0,0.0,3.23862499724619,4.224760611190192,2.1594257080432335,2.5554766297415883,5.248479969908373,5.546063288614089,6.161423768953432,6.8613796568421614
30C,0.0,0.0,0.0,0.0,0.0,0.0,0.0,0.0,0.0,0.0,0.0,0.0,0.0,0.0,0.0,0.0,0.0,0.0,0.0,0.0,0.0,0.0,0.0,0.0,0.0,0.0,0.0,0.0,0.0,0.0,1.0822378671351482,1.3663754646835091,2.129545063372904,5.738503279683518,6.585188898617164,6.19698398709712,7.13236771693826
31H,0.0,0.0,0.0,0.0,0.0,0.0,0.0,0.0,0.0,0.0,0.0,0.0,0.0,0.0,0.0,0.0,0.0,0.0,0.0,0.0,0.0,0.0,0.0,0.0,0.0,0.0,0.0,0.0,0.0,0.0,0.0,2.1496443711234643,2.550708968217428,6.628524007472759,7.534250991955652,6.988855731892874,7.946101565174705
32N,0.0,0.0,0.0,0.0,0.0,0.0,0.0,0.0,0.0,0.0,0.0,0.0,0.0,0.0,0.0,0.0,0.0,0.0,0.0,0.0,0.0,0.0,0.0,0.0,0.0,0.0,0.0,0.0,0.0,0.0,0.0,0.0,1.0100088036645094,5.98243212864523,6.626605203982581,6.654595873555687,7.525924749682861
33H,0.0,0.0,0.0,0.0,0.0,0.0,0.0,0.0,0.0,0.0,0.0,0.0,0.0,0.0,0.0,0.0,0.0,0.0,0.0,0.0,0.0,0.0,0.0,0.0,0.0,0.0,0.0,0.0,0.0,0.0,0.0,0.0,0.0,6.929015078998562,7.508334134234667,7.645749843130368,8.505336155999865
34C,0.0,0.0,0.0,0.0,0.0,0.0,0.0,0.0,0.0,0.0,0.0,0.0,0.0,0.0,0.0,0.0,0.0,0.0,0.0,0.0,0.0,0.0,0.0,0.0,0.0,0.0,0.0,0.0,0.0,0.0,0.0,0.0,0.0,0.0,1.2115848655821564,1.3498008504597283,1.8761514648771587
35O,0.0,0.0,0.0,0.0,0.0,0.0,0.0,0.0,0.0,0.0,0.0,0.0,0.0,0.0,0.0,0.0,0.0,0.0,0.0,0.0,0.0,0.0,0.0,0.0,0.0,0.0,0.0,0.0,0.0,0.0,0.0,0.0,0.0,0.0,0.0,2.254178337466981,2.2906859238864814
36O,0.0,0.0,0.0,0.0,0.0,0.0,0.0,0.0,0.0,0.0,0.0,0.0,0.0,0.0,0.0,0.0,0.0,0.0,0.0,0.0,0.0,0.0,0.0,0.0,0.0,0.0,0.0,0.0,0.0,0.0,0.0,0.0,0.0,0.0,0.0,0.0,0.9763650297971647
37H,0.0,0.0,0.0,0.0,0.0,0.0,0.0,0.0,0.0,0.0,0.0,0.0,0.0,0.0,0.0,0.0,0.0,0.0,0.0,0.0,0.0,0.0,0.0,0.0,0.0,0.0,0.0,0.0,0.0,0.0,0.0,0.0,0.0,0.0,0.0,0.0,0.0
