 ,N1,H2,H3,C4,H5,C6,H7,H8,C9,H10,C11,H12,H13,H14,C15,H16,H17,H18,C19,O20,N21,H22,C23,H24,C25,H26,H27,C28,C29,H30,C31,N32,H33,C34,C35,H36,C37,H38,C39,H40,C41,H42,C43,O44,O45,H46
N1,0.0,1.8309653656439155,1.7307462515629908,2.981252889672048,0.09425528496849034,0.18467988047954065,0.01254397517142758,0.012299948423384222,0.031051482074325495,0.0007437535482111013,0.005580952001610531,0.0008984488821643932,0.002467265728051782,0.00022706196103272624,0.004833413689611141,0.0011101629906808963,0.00010605503948468709,7.911069794386272e-05,0.18682808582535143,0.037063412832550324,0.08601645169275184,0.14187074823542234,0.010626665605193097,0.00238570497422419,0.0009277015519469772,0.0001223110992873977,0.000136236646701704,8.099084591925432e-05,2.259648097355238e-05,4.125548227262854e-06,7.916459437265488e-05,5.715349782900447e-06,2.686984534872039e-07,1.2359944983719728e-05,0.0001458610838520752,0.00013798959454369708,1.1311908449052055e-05,2.029085657273555e-07,3.804867391550559e-05,9.312431890062811e-07,1.0965245769045673e-05,4.025378095295906e-07,0.0009588354740158456,0.000659708049315269,0.0002063125795981613,1.996328991205054e-05
H2,0.0,0.0,0.028936820770776084,0.10298485267453439,0.002743622238053023,0.02522399500699113,0.01195243639006649,0.000918795640842518,0.002344139334850448,0.0008087344075886627,0.0002097279069336322,2.1582821176258093e-05,1.3304195191965462e-05,2.4288271039507592e-05,0.00020281866154781003,5.8651091673134204e-05,3.0576797836801006e-05,1.6830774509646318e-05,0.0292152701409637,0.005426102440876823,0.005140172753851924,0.0010425870802122095,0.000511145063130658,0.00045053361264812963,7.655388765137605e-05,1.586393676644704e-06,7.197628598243355e-06,5.529306094098629e-06,2.7444638062146254e-06,4.0029814529773944e-07,2.0003229058707106e-06,5.445044647389707e-07,4.780333018317151e-09,1.1378381986615338e-06,7.955141634319318e-07,3.7224214244346854e-07,8.075627612180725e-07,1.8051102390614915e-08,4.658540818658352e-07,1.4043318508072389e-08,1.4048847791769958e-06,3.2904543534328923e-09,0.00013559677290897465,1.537795508033124e-05,2.399938685315739e-05,5.747310157344643e-06
H3,0.0,0.0,0.0,0.10001423117091379,0.008664511208332337,0.029884235852396857,0.00045946418196995964,0.0013277597281351472,0.004492163946027694,4.607144838519872e-05,0.00027921151972132296,0.00010184422336134702,2.9462119538470333e-05,7.579234546417624e-06,0.0010730394648565955,0.0002426275881308726,3.068718775267598e-05,2.5241225230177022e-05,0.005206636388981334,0.000900799547786546,0.0030787428777167003,0.002801490513786531,0.0002748240771994759,2.841950159515605e-05,0.00013785575037805753,1.4689096983211414e-06,1.4380674150826778e-05,9.060234563484926e-06,1.3343676547039607e-06,4.1451120980084966e-08,3.529031886273515e-06,9.316319850016797e-07,2.270509957824629e-08,1.4611345662274289e-06,4.8007182181786234e-06,6.013046088826357e-06,5.427150819858895e-07,2.0650841037195278e-08,9.980572622803052e-07,5.192926777475293e-08,1.656917790304746e-06,2.166674173409433e-08,0.0002166736710623729,0.0007816789261523294,8.626204772055335e-05,9.685457724950552e-06
C4,0.0,0.0,0.0,0.0,1.862295992716875,2.470174975913056,0.09262730546190956,0.08571408254921997,0.14435046520879355,0.005751560625614882,0.020478940109280336,0.0025014324901777574,0.007914479128549035,0.0009151813471235393,0.032394829755334545,0.004705334633537506,0.0006599691037958433,0.0010187709537647915,2.400619354018173,0.27752303066071327,0.22182936635992062,0.021179485940154064,0.037137240534876825,0.006407376033970236,0.003668999770353759,0.0001237228754402686,0.0010692674729746443,0.0003384988430938374,0.00011697218152151301,6.502821725762331e-06,0.00015259393299055235,2.6226160893566552e-05,3.2281643680409644e-07,3.0383252993232412e-05,0.00036064463152343795,6.245697913254133e-05,3.0730462761502375e-05,5.750538794035975e-07,0.00022145771583501062,5.88114381394611e-06,5.187567833206397e-05,2.8672933205520224e-07,0.0033827787355840133,0.00037470069651607263,0.000997308080739806,0.00021784711654060374
H5,0.0,0.0,0.0,0.0,0.0,0.08335096468290004,0.00581886341060267,0.03465222477598684,0.0048714829836074,2.966010827853971e-05,0.011213081602270636,0.0007501383934691574,0.010266420772806484,0.0003610791346253528,0.0009163223981941693,8.855615251079918e-05,1.650325196878022e-05,0.00020794722789685416,0.10848128727946493,0.01727017074161874,0.02295562336218726,0.005486722520385845,0.002974145147975893,6.90965873968441e-05,0.00011666621089645446,3.916150923988226e-06,4.612366002465507e-06,6.72669584345087e-05,5.535849411986149e-06,2.9402389500887693e-07,7.084939028478843e-05,7.008660443119652e-07,1.1365875862701103e-07,7.438963846251312e-06,0.0001622325781522882,5.432672117056114e-05,1.541337193433634e-05,1.3858945413502965e-07,8.931587817639919e-05,2.569127049767417e-06,1.5718837307776568e-05,1.3029883594306568e-07,0.0011945157243051785,6.116799241395743e-05,0.00025352887086127485,9.04875603764399e-05
C6,0.0,0.0,0.0,0.0,0.0,0.0,1.6843279693088686,1.8183044744972534,2.850078249277386,0.0847907299886499,0.1548008368449921,0.030457923407678944,0.0049271405553510395,0.010680514578473632,0.18289871119724643,0.030523553949597604,0.010078265306805445,0.01040092157077388,0.18361300038959866,0.038408965273407106,0.025991660942231196,0.0009416305908597211,0.0031305167225977315,0.00031961373601896437,0.0012089484807651651,1.2741010570249678e-05,0.00015103742810484988,0.00019388116148673362,0.00013129043794718465,1.1553569090327898e-06,0.0012262526869474544,7.075967159433927e-05,5.126804223376524e-07,0.00014536229846723314,0.003652939732355878,0.00021254054987829285,0.0005087430168250473,6.281685112075053e-07,0.0025938910841721285,3.31630726024823e-05,0.0003076043030377923,8.249099106016899e-07,0.0005985564294128942,7.415872449380301e-05,0.00010331857032783165,2.4042199729623626e-05
H7,0.0,0.0,0.0,0.0,0.0,0.0,0.0,0.022184689828026016,0.08046897984211232,0.03582679369013175,0.00856735680814813,0.0003062007859735427,0.00016239255154548715,0.0048538020151573935,0.010843731862124395,0.0006279873555021798,0.0054255688027580184,0.00024020378403788456,0.02931444643190173,0.004266888853442508,0.0045349937354433045,6.437988388996452e-05,0.0007926427545545955,0.00014942591044531106,0.00031929859037171937,4.6133714104446e-06,6.856563819890305e-05,2.828532152876484e-05,6.002806179017384e-06,6.327330033251144e-07,6.817779173373673e-05,1.1182534084941409e-05,1.0284687190775799e-07,1.67594716178332e-05,0.00013913529018183546,9.177778278024462e-06,1.1837564006578205e-05,1.4732652076077102e-07,5.995122340740622e-05,1.4351981287852311e-06,6.885229691500072e-06,2.1858549859032905e-08,4.952796812074389e-05,7.327659534706044e-06,4.039466759975241e-06,1.924299211086833e-07
H8,0.0,0.0,0.0,0.0,0.0,0.0,0.0,0.0,0.08380274238823082,0.0044603192066434705,0.0291293244454226,0.0014261343360084666,0.00040121159445738463,0.0005301870449905266,0.011582398668995797,0.0008095044404197171,0.00022455971109902606,0.005069503102267836,0.008216456168127939,0.0008598835210646971,0.0033071085909479603,0.000531951143902365,0.00030163245711700704,3.0222880469388258e-05,9.102642663116889e-05,8.646602576156681e-07,9.97016095571901e-06,0.0002316218187201624,0.0001695115254316537,2.2734002236290962e-08,0.001602509098656446,0.00010906217283168651,1.681594508085027e-07,0.00019409845933981984,0.011123625694427597,0.0003384917715123503,0.0010439688775061295,1.2802252173926831e-06,0.006425239559739726,5.703263597323094e-05,0.0003300306380868978,2.2598594442424513e-06,0.00012108108932751271,9.06388351074039e-06,2.5727915053175288e-05,9.093176067676012e-06
C9,0.0,0.0,0.0,0.0,0.0,0.0,0.0,0.0,0.0,1.6650372910990863,2.5935515555898463,0.08595467633666365,0.08592381807356975,0.08151161455551836,2.640187960200504,0.08421580993877376,0.08290160846134653,0.08281324419121638,0.02001713798330343,0.019105668605495563,0.0031577147675861394,0.00012728364276515247,0.0003988276743589758,3.315605495091134e-05,7.571527683525314e-05,8.469831579649423e-06,7.651606858116722e-06,0.00012385767472167242,7.784681721278996e-05,1.2376310072337304e-06,0.0005635203685501466,7.567801079211289e-05,1.6409711961484774e-06,0.0005878281608075187,0.0003392002249540116,2.559999152595971e-05,0.00029732718871988695,4.930395288926803e-06,0.00030779879780491737,6.937985378430156e-06,0.0003257556282831864,1.7856203290200767e-05,8.090576659636195e-05,1.5712442200416232e-05,1.2182736865068433e-05,2.682500870765381e-06
H10,0.0,0.0,0.0,0.0,0.0,0.0,0.0,0.0,0.0,0.0,0.08447968081392387,0.003391029187483685,0.006032458254723538,0.03434139839581718,0.08342336321945232,0.004631305152911214,0.03460481539735616,0.004454193349751279,0.012831181052165963,0.018731644818337112,0.0010321653013414256,1.7581551266410145e-05,9.138849413448114e-05,9.15394577982731e-06,1.6531323611124193e-05,5.9062402848475415e-06,1.194078427468881e-06,0.00018505412353642114,5.959575891933966e-05,5.663336011041409e-06,0.0008642566189054346,0.00010969581989184185,9.414797130791186e-07,0.001229822569413841,5.0960855346726674e-05,2.1794013280729274e-06,0.00022077438142487082,2.1093653477244345e-06,0.00010319522806290227,1.824233248903795e-07,4.937476614896852e-05,1.1772198826864866e-06,1.7997287584892163e-05,2.591389084982687e-06,3.228301278856982e-06,4.0746721574613787e-07
C11,0.0,0.0,0.0,0.0,0.0,0.0,0.0,0.0,0.0,0.0,0.0,2.15222745034458,1.952121876997415,1.7174400693288792,0.16836420165636035,0.009986428374417322,0.008897048080569903,0.0311290027141371,0.0037488042950796496,0.011596724962578034,0.0010819130353410672,0.00010275186978370154,0.0001629771649146322,7.15155563775216e-05,1.6425075370932185e-05,4.758171540886202e-06,3.575920042742098e-06,1.7005767712102715e-05,1.632216632960204e-05,1.4844172913086595e-07,7.564969456015647e-05,1.234203460281913e-05,2.749759198117374e-07,8.493652085661552e-05,0.00012992397588458549,1.4099476827400537e-05,7.288509434866253e-05,1.325066446566936e-06,0.00020197700650567696,4.379335918569538e-06,0.00016372053365927564,9.694563524176303e-06,2.3670418528548565e-05,6.2493029567567415e-06,4.731275192695894e-06,1.0199123491316797e-06
H12,0.0,0.0,0.0,0.0,0.0,0.0,0.0,0.0,0.0,0.0,0.0,0.0,0.02531185753741272,0.022572414246563532,0.012665888653378587,0.005352814503928993,0.00019398938496095752,0.0009717597004565981,0.00023550032310581948,0.00017024360354267465,8.811215259685312e-05,7.06927092908316e-06,2.1322147652824697e-05,6.840843420841125e-06,1.1135398145789566e-06,1.2679084582245537e-07,6.848281304261405e-07,7.540873134814774e-07,2.453955263215235e-06,1.8698924408866446e-08,1.0592723993951836e-05,1.002507389324947e-06,8.677440987980845e-09,1.7846988453751322e-06,1.6674958522200356e-05,2.0764445547438726e-06,6.320760138622816e-06,2.4658906694341454e-08,7.814588194432481e-06,2.72407024937138e-07,5.06921113663239e-06,2.2446721748003995e-07,5.282165308262421e-06,2.2115268816236267e-07,1.4292388770265063e-06,3.648162454350512e-07
H13,0.0,0.0,0.0,0.0,0.0,0.0,0.0,0.0,0.0,0.0,0.0,0.0,0.0,0.023403489692960244,0.030223653536229023,0.0006225951620257852,0.0004986690589303677,0.0026094078541121224,0.0036096309497988255,0.02179489818895619,0.0013962179750086623,3.4960305238085354e-05,0.0001420254081283545,5.2342346334999235e-05,1.2539556633495152e-05,6.455981955699741e-06,2.224221619995248e-06,4.250690242013633e-06,2.769603129060272e-06,8.207656310155187e-08,2.5936622829458855e-06,1.809208554970354e-06,3.004157256292217e-08,5.535601706352367e-06,1.1223201392684956e-06,1.286424977653411e-07,2.4136386621131933e-05,5.24040241201007e-07,8.113275178911472e-06,1.5044070966752088e-07,2.9594522014120273e-05,2.4397761921868266e-06,1.1193055855285294e-05,6.9473419948007376e-06,1.5067930988488243e-06,2.412609390045617e-07
H14,0.0,0.0,0.0,0.0,0.0,0.0,0.0,0.0,0.0,0.0,0.0,0.0,0.0,0.0,0.007149165159744841,0.00012622849285759408,0.0036413458874413607,0.0003206488019222853,0.0003498768934968588,0.0002973756066746436,5.675995808140932e-05,6.298593880682546e-06,1.1688871116799504e-05,1.6686330381876502e-06,6.637521832164595e-07,2.5698327688061795e-08,9.858967198184132e-09,4.7474863340557505e-06,3.0269728235055027e-06,4.507803841313773e-08,2.6360185736207242e-05,3.1383991658806565e-06,1.2782214553475058e-07,3.3651788934774274e-05,9.737946764953875e-06,1.7466360224815958e-07,9.650196677091216e-06,1.955406589981834e-07,8.372365053688213e-06,4.476441817224952e-08,4.962308708611474e-06,4.110119089517639e-08,4.023701919431133e-06,4.4154945721963657e-07,6.888413741634736e-07,1.936576512484578e-07
C15,0.0,0.0,0.0,0.0,0.0,0.0,0.0,0.0,0.0,0.0,0.0,0.0,0.0,0.0,0.0,2.1842593465675195,1.742210552435092,1.8373880824920288,0.0034515883006221992,0.0020502796783880978,0.0006962780549669145,1.3339490125940934e-05,8.852332031593357e-05,5.813411057875584e-06,3.248647242319602e-05,1.9584604187272703e-06,4.090339014051203e-06,5.07026468398869e-05,0.00010310103246025104,1.6804184599372718e-07,0.00023861942710845518,8.681341870496462e-05,2.0194055083688767e-07,0.0003848112711816315,0.0001942034409568999,3.132539940997603e-06,0.0028621982397927515,3.9202481998401595e-05,0.0015801144997607541,8.618780844349416e-06,0.003881331357575804,0.0001292945641345744,2.726839149169713e-05,3.949863317323499e-06,3.95566970280703e-06,1.1238209186581471e-06
H16,0.0,0.0,0.0,0.0,0.0,0.0,0.0,0.0,0.0,0.0,0.0,0.0,0.0,0.0,0.0,0.0,0.022468448405739583,0.02460192949845652,0.00021708048222190968,0.00014936351221561672,2.671939443366078e-05,6.837549566540702e-07,6.278780423807362e-06,2.1355706159020826e-07,2.9258899816309025e-06,1.118756176587965e-08,3.5702291434347444e-07,4.175598304900774e-07,1.6581785702296514e-06,7.346789399065301e-09,5.907199160493093e-06,1.7954895774607849e-06,3.2906997127213344e-08,1.744656556068591e-05,2.435157304492286e-05,6.30020848824131e-08,3.9086122000764334e-05,4.543471414653055e-06,4.550237048972505e-05,8.821443604478674e-07,0.0001099639519070994,4.870675777590705e-06,1.4788535749321596e-06,3.477056458311978e-07,1.560083726648287e-07,3.553363403518972e-08
H17,0.0,0.0,0.0,0.0,0.0,0.0,0.0,0.0,0.0,0.0,0.0,0.0,0.0,0.0,0.0,0.0,0.0,0.02325069257017165,0.0008459329975607499,0.0005160390165557249,5.684244465142818e-05,9.342846827298246e-06,1.52593420652547e-05,4.038241120163377e-06,4.160603468861268e-06,1.6426721960449697e-07,9.103959655032412e-07,2.5895982045387456e-06,7.1475790011099605e-06,4.936608766215045e-08,6.272927395301053e-06,9.765944003037319e-06,3.0353318081211e-08,5.522659369305849e-05,1.4759578542467011e-05,9.31972403694914e-08,0.00014553605669775926,5.538666728810426e-06,3.3673722749538726e-05,3.358041185119731e-07,0.00015117622356841665,6.542508188100982e-06,7.604279825823568e-07,2.1852738885108636e-07,1.0885531076532118e-07,1.8199754148184866e-08
H18,0.0,0.0,0.0,0.0,0.0,0.0,0.0,0.0,0.0,0.0,0.0,0.0,0.0,0.0,0.0,0.0,0.0,0.0,7.55412602628791e-05,9.823053824131733e-05,1.950552859164567e-05,6.21275484169459e-07,4.3542029095622325e-06,5.448212869740843e-07,5.027817023828263e-06,1.210979216903496e-06,6.175926321461134e-07,7.02182701697307e-05,0.00017147669386718967,1.4334030207230342e-07,0.0004347973210840905,0.00015852112458070167,6.215974401868607e-08,0.0002711950256097939,0.00016696331052945546,2.0807408038781006e-06,0.005413542770953406,3.571931808044049e-05,0.0030564014788440064,1.5369460082181874e-05,0.010837773034955811,0.00020216735647604622,8.07146861792063e-07,2.8536060803219243e-07,1.1682951495117777e-07,5.646247402957272e-08
C19,0.0,0.0,0.0,0.0,0.0,0.0,0.0,0.0,0.0,0.0,0.0,0.0,0.0,0.0,0.0,0.0,0.0,0.0,0.0,4.760990096462898,3.527316598743359,0.13683800623398346,0.2785722951214168,0.029648226821680668,0.036534121834144395,0.0008343295361865621,0.0039895887212146874,0.0039489202126793965,0.0012518835921057903,2.4820296936844954e-05,0.00195476455603133,0.0004621353746664669,2.5793385289851756e-06,0.00028576737071439595,0.0008653366442243349,0.000327394357560129,7.956283227214533e-05,2.6490979707638473e-06,0.00025098238632970116,1.282503784505451e-06,0.00013513654823985033,3.329519174588569e-06,0.03195001571361433,0.00418139486370539,0.005664537269351122,0.0013373322780264596
O20,0.0,0.0,0.0,0.0,0.0,0.0,0.0,0.0,0.0,0.0,0.0,0.0,0.0,0.0,0.0,0.0,0.0,0.0,0.0,0.0,0.5435495864302909,0.02253761772274443,0.07030178378831127,0.05937744125703048,0.010493659165197247,0.0011182875678905635,0.001627022961963931,0.0012999221755502777,0.0010056441873290412,3.7589027432671784e-05,0.0005623759246822929,9.758608249357814e-05,4.450836108671474e-06,0.00019791749833467098,0.0005728352681990123,0.0003056475164562311,5.165324182833386e-05,1.411208099044714e-06,0.0001924276252350393,1.3495343602620835e-06,8.341342358654524e-05,2.354708423024654e-06,0.01179960940826641,0.0027438752485327567,0.001868426116642688,0.0004473986777753236
N21,0.0,0.0,0.0,0.0,0.0,0.0,0.0,0.0,0.0,0.0,0.0,0.0,0.0,0.0,0.0,0.0,0.0,0.0,0.0,0.0,0.0,1.8484610973606357,2.752560714268388,0.09885583774858209,0.1785540898242662,0.00665632040762465,0.025952101816839268,0.01780824026293118,0.00330032521627803,6.618798102997481e-05,0.0071839658581080434,0.0013391212575152578,6.976705264505334e-06,0.0010679434294673662,0.005313327823344816,0.0026175359592246483,0.00022647475264227224,9.966285889229098e-06,0.0008173932081055324,5.7148099383841355e-06,0.0003377259579323971,1.072734213347637e-05,0.19877454508733627,0.03901399090927202,0.028633751117614112,0.005306837309817847
H22,0.0,0.0,0.0,0.0,0.0,0.0,0.0,0.0,0.0,0.0,0.0,0.0,0.0,0.0,0.0,0.0,0.0,0.0,0.0,0.0,0.0,0.0,0.09754897854149203,0.029741529166929848,0.004141725177852051,0.0018102632334795477,6.655801580235376e-05,0.00021079220481778904,0.00014611525502150613,1.3549036345983367e-05,0.00032380608077442474,3.717016735349521e-05,4.9363891896359036e-06,4.134729392668568e-05,0.001300723382296698,0.0011398288824890912,7.672132218661254e-05,2.237949528360872e-06,0.00019976798107579352,3.324874840560099e-06,0.00011426477609743912,1.1992229089319295e-05,0.013102601804812375,0.02709732841596768,0.002177541570721364,9.318112924461275e-05
C23,0.0,0.0,0.0,0.0,0.0,0.0,0.0,0.0,0.0,0.0,0.0,0.0,0.0,0.0,0.0,0.0,0.0,0.0,0.0,0.0,0.0,0.0,0.0,1.8723490181398386,2.7369010820663733,0.07948211733720645,0.09132366288440386,0.1750006495545971,0.04775289190609547,0.00033905952079349433,0.020549333315461105,0.01248231094345767,0.00015911347711250468,0.004767078972253896,0.00219482041764521,0.0005903489497471881,0.0007720465944872634,5.976548084229982e-05,0.0015469677057934894,2.8179748221557332e-06,0.0009214152196483638,5.493822772040247e-06,2.475074984989889,0.2735656380418131,0.21222803482549474,0.053770204681041545
H24,0.0,0.0,0.0,0.0,0.0,0.0,0.0,0.0,0.0,0.0,0.0,0.0,0.0,0.0,0.0,0.0,0.0,0.0,0.0,0.0,0.0,0.0,0.0,0.0,0.07844809285684962,0.030430745390501723,0.004787101698611851,0.009601446426379279,0.002948960267791567,0.0002998603703561198,0.0004205179858463026,0.00042074180996809485,4.440195193922136e-05,0.0004431390727558382,0.000441789994402364,0.00023577083199599613,4.5373467385090294e-05,1.2357780727612067e-06,5.5035646557732854e-05,3.0722836343866078e-06,0.00016688822038424256,1.1507058215176613e-06,0.11464946956528355,0.028198288081495937,0.010714344180637991,0.0006890146608102832
C25,0.0,0.0,0.0,0.0,0.0,0.0,0.0,0.0,0.0,0.0,0.0,0.0,0.0,0.0,0.0,0.0,0.0,0.0,0.0,0.0,0.0,0.0,0.0,0.0,0.0,1.9373949769841718,1.8610250730078461,2.5594596591043217,0.25317296011010015,0.005870764640356629,0.18998083734005217,0.04842209479363027,0.0025205218243800065,0.03310791422542486,0.01603900805178307,0.004200567413551237,0.004997452473603808,0.0010538739488503701,0.004074979554173616,0.00015038123609856235,0.0022153096830902774,7.551702425301343e-05,0.1939686907133187,0.042494402764627195,0.03138408181109338,0.0019914557450831927
H26,0.0,0.0,0.0,0.0,0.0,0.0,0.0,0.0,0.0,0.0,0.0,0.0,0.0,0.0,0.0,0.0,0.0,0.0,0.0,0.0,0.0,0.0,0.0,0.0,0.0,0.0,0.024172232989461584,0.10607769257073718,0.027803856983759534,0.0002092366895265485,0.01181886545520805,0.004258433199120226,0.0006978852079320141,0.0014624750349319093,0.004936811037961286,0.005322716207730505,0.00043415860890783087,5.6511469489484156e-05,0.0009187939873926965,5.6585515874507664e-05,0.0006068156022493998,3.735257235715217e-05,0.010668257928905467,0.00206761803948885,0.0008157296737618669,0.000151077792293286
H27,0.0,0.0,0.0,0.0,0.0,0.0,0.0,0.0,0.0,0.0,0.0,0.0,0.0,0.0,0.0,0.0,0.0,0.0,0.0,0.0,0.0,0.0,0.0,0.0,0.0,0.0,0.0,0.09969956841529193,0.018272527527060323,0.001823479186826571,0.021775034685404426,0.003327230070542475,8.295971954308534e-05,0.0028498319177121534,0.0012596683233880857,0.0002244134912299245,0.0005907435743723877,7.953998224130565e-05,0.0006655646363250556,1.6704913134990562e-05,0.00023560046574933047,3.915536096465999e-06,0.009784507624502892,0.0017072085146526694,0.015217587027140933,0.0003121157614551784
C28,0.0,0.0,0.0,0.0,0.0,0.0,0.0,0.0,0.0,0.0,0.0,0.0,0.0,0.0,0.0,0.0,0.0,0.0,0.0,0.0,0.0,0.0,0.0,0.0,0.0,0.0,0.0,0.0,4.1195526460650616,0.11764038682546207,3.256139914145376,0.49073024096718426,0.025520275618166055,0.3419385737420817,0.2313324911699674,0.008100496033481619,0.040482728598789514,0.003720363622715661,0.07191873515605508,0.0029361496031024004,0.026749958035663685,0.0003636181684882889,0.02913564933677376,0.007325056140887326,0.005084554543265771,0.000438730667226217
C29,0.0,0.0,0.0,0.0,0.0,0.0,0.0,0.0,0.0,0.0,0.0,0.0,0.0,0.0,0.0,0.0,0.0,0.0,0.0,0.0,0.0,0.0,0.0,0.0,0.0,0.0,0.0,0.0,0.0,2.0949810744743163,0.39992674047696597,3.1023884989506167,0.11068171169081165,0.459667375458757,0.1123538753701093,0.000806577741512271,0.07540987990543496,0.000661407033461181,0.030632321053695066,0.0009521502412850325,0.07908407426960717,0.0009037837856589181,0.00743498656903549,0.002855275237188745,0.0008153625840336409,0.00029605782311170614
H30,0.0,0.0,0.0,0.0,0.0,0.0,0.0,0.0,0.0,0.0,0.0,0.0,0.0,0.0,0.0,0.0,0.0,0.0,0.0,0.0,0.0,0.0,0.0,0.0,0.0,0.0,0.0,0.0,0.0,0.0,0.031129966090724936,0.09961913540762746,0.004902685227864412,0.027925577058424134,0.0030191732201787502,6.010828653013611e-05,0.0027643818482216975,4.5460808313579903e-05,0.0009846187907759374,0.0001130707532852604,0.0009401092569076841,0.00010854345700073154,7.095231904719057e-05,5.0036478072446045e-05,1.9505835995636822e-05,2.544013870675599e-07
C31,0.0,0.0,0.0,0.0,0.0,0.0,0.0,0.0,0.0,0.0,0.0,0.0,0.0,0.0,0.0,0.0,0.0,0.0,0.0,0.0,0.0,0.0,0.0,0.0,0.0,0.0,0.0,0.0,0.0,0.0,0.0,0.3909567591175871,0.03117667984160777,3.3551898234829993,3.460577716341408,0.12719914830996504,0.2859123464360376,0.02662823767858047,0.3371193027610776,0.027780049065174506,0.2321563505120858,0.003927909436941546,0.004218703478154062,0.0010964865685713227,0.0009438890431272967,0.00012132579361423534
N32,0.0,0.0,0.0,0.0,0.0,0.0,0.0,0.0,0.0,0.0,0.0,0.0,0.0,0.0,0.0,0.0,0.0,0.0,0.0,0.0,0.0,0.0,0.0,0.0,0.0,0.0,0.0,0.0,0.0,0.0,0.0,0.0,1.9917594402815588,3.2745109889907815,0.04855976017337241,0.00416351692500494,0.2531465149055684,0.007259793009671611,0.05084095105398166,0.0004467938847569908,0.06728385697317332,0.002972449422899315,0.002199414436483166,0.0008716699465015632,0.0002464594469564624,9.014461008771679e-05
H33,0.0,0.0,0.0,0.0,0.0,0.0,0.0,0.0,0.0,0.0,0.0,0.0,0.0,0.0,0.0,0.0,0.0,0.0,0.0,0.0,0.0,0.0,0.0,0.0,0.0,0.0,0.0,0.0,0.0,0.0,0.0,0.0,0.0,0.11632365904759157,0.003519027565874411,0.001420742620084292,0.0070296779842887736,0.0033788453206198277,0.0005111346906393477,4.021173098678332e-05,0.0005823488553802214,7.06141553226125e-05,8.04720778438961e-05,3.170410722153072e-05,1.2172020809830819e-05,1.8667460264243374e-06
C34,0.0,0.0,0.0,0.0,0.0,0.0,0.0,0.0,0.0,0.0,0.0,0.0,0.0,0.0,0.0,0.0,0.0,0.0,0.0,0.0,0.0,0.0,0.0,0.0,0.0,0.0,0.0,0.0,0.0,0.0,0.0,0.0,0.0,0.0,0.301272508042722,0.027398463569335618,3.5824027779086185,0.13239388426779075,0.22829781004001515,0.004030685489863295,0.35681455289151925,0.02821308111480958,0.0012450710342123972,0.0003041162054488733,0.00022615233980366467,3.637147508028793e-05
C35,0.0,0.0,0.0,0.0,0.0,0.0,0.0,0.0,0.0,0.0,0.0,0.0,0.0,0.0,0.0,0.0,0.0,0.0,0.0,0.0,0.0,0.0,0.0,0.0,0.0,0.0,0.0,0.0,0.0,0.0,0.0,0.0,0.0,0.0,0.0,1.9964385688815527,0.30803711144095314,0.0035970827542541883,3.9578568004966095,0.13197440202648858,0.32033641862958667,0.025755611644452614,0.000496099773744707,0.00011070405374991044,9.260734660511416e-05,2.0278654172756205e-05
H36,0.0,0.0,0.0,0.0,0.0,0.0,0.0,0.0,0.0,0.0,0.0,0.0,0.0,0.0,0.0,0.0,0.0,0.0,0.0,0.0,0.0,0.0,0.0,0.0,0.0,0.0,0.0,0.0,0.0,0.0,0.0,0.0,0.0,0.0,0.0,0.0,0.003533805805221224,0.0007833403572066189,0.12529823840382515,0.008502187566789887,0.027395046185884953,0.0011277293700324709,9.068760111352603e-05,1.4828864137728104e-05,2.9294457988049416e-05,1.4063604836245247e-07
C37,0.0,0.0,0.0,0.0,0.0,0.0,0.0,0.0,0.0,0.0,0.0,0.0,0.0,0.0,0.0,0.0,0.0,0.0,0.0,0.0,0.0,0.0,0.0,0.0,0.0,0.0,0.0,0.0,0.0,0.0,0.0,0.0,0.0,0.0,0.0,0.0,0.0,1.9896005825961467,0.3190871812176831,0.026180834831015964,3.7845357890492957,0.12939446333401738,0.0002477605925479409,6.733154469810987e-05,5.9297770587912746e-05,1.0353741441981867e-05
H38,0.0,0.0,0.0,0.0,0.0,0.0,0.0,0.0,0.0,0.0,0.0,0.0,0.0,0.0,0.0,0.0,0.0,0.0,0.0,0.0,0.0,0.0,0.0,0.0,0.0,0.0,0.0,0.0,0.0,0.0,0.0,0.0,0.0,0.0,0.0,0.0,0.0,0.0,0.02739442120390334,0.0010625437817761707,0.12436189873565051,0.008390786194208744,3.513635024487982e-05,9.39639901109679e-06,1.0960546464100496e-05,8.131352591256302e-08
C39,0.0,0.0,0.0,0.0,0.0,0.0,0.0,0.0,0.0,0.0,0.0,0.0,0.0,0.0,0.0,0.0,0.0,0.0,0.0,0.0,0.0,0.0,0.0,0.0,0.0,0.0,0.0,0.0,0.0,0.0,0.0,0.0,0.0,0.0,0.0,0.0,0.0,0.0,0.0,2.0047208147796614,3.696446972266326,0.11991566349325888,0.00035420130543939443,9.987948772299804e-05,4.759949867572805e-05,2.2417852387768278e-05
H40,0.0,0.0,0.0,0.0,0.0,0.0,0.0,0.0,0.0,0.0,0.0,0.0,0.0,0.0,0.0,0.0,0.0,0.0,0.0,0.0,0.0,0.0,0.0,0.0,0.0,0.0,0.0,0.0,0.0,0.0,0.0,0.0,0.0,0.0,0.0,0.0,0.0,0.0,0.0,0.0,0.1250436138510369,0.00807909004108387,1.0629275226659018e-06,3.0846752785418374e-07,4.970028650852498e-07,1.234328232957438e-07
C41,0.0,0.0,0.0,0.0,0.0,0.0,0.0,0.0,0.0,0.0,0.0,0.0,0.0,0.0,0.0,0.0,0.0,0.0,0.0,0.0,0.0,0.0,0.0,0.0,0.0,0.0,0.0,0.0,0.0,0.0,0.0,0.0,0.0,0.0,0.0,0.0,0.0,0.0,0.0,0.0,0.0,1.9769803059382005,0.00023861691040275024,5.254645261508484e-05,2.6726065211507555e-05,1.5719651372925192e-05
H42,0.0,0.0,0.0,0.0,0.0,0.0,0.0,0.0,0.0,0.0,0.0,0.0,0.0,0.0,0.0,0.0,0.0,0.0,0.0,0.0,0.0,0.0,0.0,0.0,0.0,0.0,0.0,0.0,0.0,0.0,0.0,0.0,0.0,0.0,0.0,0.0,0.0,0.0,0.0,0.0,0.0,0.0,1.7108480814265192e-06,1.3471569026979324e-07,1.144626348148492e-07,2.4495039774308225e-08
C43,0.0,0.0,0.0,0.0,0.0,0.0,0.0,0.0,0.0,0.0,0.0,0.0,0.0,0.0,0.0,0.0,0.0,0.0,0.0,0.0,0.0,0.0,0.0,0.0,0.0,0.0,0.0,0.0,0.0,0.0,0.0,0.0,0.0,0.0,0.0,0.0,0.0,0.0,0.0,0.0,0.0,0.0,0.0,5.215831816644445,3.3012046847854166,0.16452540563111817
O44,0.0,0.0,0.0,0.0,0.0,0.0,0.0,0.0,0.0,0.0,0.0,0.0,0.0,0.0,0.0,0.0,0.0,0.0,0.0,0.0,0.0,0.0,0.0,0.0,0.0,0.0,0.0,0.0,0.0,0.0,0.0,0.0,0.0,0.0,0.0,0.0,0.0,0.0,0.0,0.0,0.0,0.0,0.0,0.0,0.512499080257571,0.06864284604345428
O45,0.0,0.0,0.0,0.0,0.0,0.0,0.0,0.0,0.0,0.0,0.0,0.0,0.0,0.0,0.0,0.0,0.0,0.0,0.0,0.0,0.0,0.0,0.0,0.0,0.0,0.0,0.0,0.0,0.0,0.0,0.0,0.0,0.0,0.0,0.0,0.0,0.0,0.0,0.0,0.0,0.0,0.0,0.0,0.0,0.0,1.553710982909053
H46,0.0,0.0,0.0,0.0,0.0,0.0,0.0,0.0,0.0,0.0,0.0,0.0,0.0,0.0,0.0,0.0,0.0,0.0,0.0,0.0,0.0,0.0,0.0,0.0,0.0,0.0,0.0,0.0,0.0,0.0,0.0,0.0,0.0,0.0,0.0,0.0,0.0,0.0,0.0,0.0,0.0,0.0,0.0,0.0,0.0,0.0
